"user_id","first_days_since_signup","first_hours_ahead","first_zip","median_income","city_id","session_length","first_MT_quality","credit_amount","gift_amount","prime_session","late_session","couple_session","weekend","num_hvc","status"
837679,8,1,10001,71245,10,60,1.86,25,0,0,1,0,0,11,"C"
1152505,0,5,10001,71245,10,60,3.17,0,0,0,1,0,0,11,"C"
829441,19,1,10002,30844,10,90,3.61,0,0,1,0,0,0,1,"C"
1151201,0,77,10002,30844,10,60,4.34,0,145,1,0,1,0,1,"C"
841849,4,25,10003,89999,10,90,3.69,140,0,1,0,0,0,14,"C"
1151243,3,4,10003,89999,10,90,3.17,0,0,0,1,0,0,14,"C"
207303,498,68,10009,56615,10,60,3.77,30,0,0,1,0,0,3,"C"
1150158,1,1,10009,56615,10,90,3.77,0,0,0,0,0,0,3,"C"
837051,14,1,10010,93702,10,60,3.09,0,0,0,0,0,1,3,"C"
1147815,7,1,10010,93702,10,60,3.05,5,0,0,1,0,1,3,"C"
1150191,0,5,10010,93702,10,90,3.69,0,0,0,0,0,0,3,"C"
1152386,0,2,10010,93702,10,120,3.69,116,0,0,0,0,0,3,"C"
720757,67,24,10011,92359,10,60,3.17,20,0,0,1,0,0,16,"C"
835030,13,4,10011,92359,10,60,2.83,0,0,0,1,0,0,16,"C"
1150571,0,5,10012,81317,10,90,3.75,0,0,0,1,0,0,9,"B"
1151458,1,4,10013,69836,10,60,2.73,0,0,0,1,0,0,8,"C"
31509,860,3,10014,98450,10,60,3.05,0,139,0,1,0,0,15,"C"
832593,13,1,10014,98450,10,60,3.73,0,0,0,0,0,0,15,"C"
1151417,0,2,10014,98450,10,60,4.05,0,0,1,0,1,0,15,"C"
1153130,0,1,10014,98450,10,60,2.54,20,0,0,0,0,0,15,"C"
1153898,0,21,10014,98450,10,60,4.96,0,0,0,1,0,0,15,"C"
68768,719,13,10016,96760,10,90,4.30,0,0,0,0,1,1,14,"C"
1149162,0,28,10016,96760,10,60,3.05,0,0,0,1,0,0,14,"C"
1149328,6,3,10016,96760,10,60,2.41,5,0,1,0,1,1,14,"C"
1150230,0,7,10016,96760,10,90,3.69,0,0,1,0,0,0,14,"C"
710522,80,11,10019,84786,10,120,3.13,0,0,0,0,0,0,15,"C"
1147393,4,1,10019,84786,10,60,3.73,0,0,0,0,0,0,15,"C"
1152700,1,1,10019,84786,10,60,3.65,0,0,0,1,0,0,15,"C"
804949,42,6,10021,113800,10,90,4.94,0,0,1,0,0,0,3,"C"
1147691,0,103,10021,113800,10,60,4.96,0,0,1,0,0,0,3,"C"
265579,433,1,10022,93107,10,60,3.73,0,0,0,0,0,1,14,"C"
838683,12,1,10022,93107,10,60,4.84,0,0,0,0,0,1,14,"C"
804072,47,1,10024,110999,10,60,0.00,0,0,0,0,0,1,4,"C"
825380,15,167,10024,110999,10,90,3.36,0,0,0,0,0,0,4,"C"
828542,0,488,10024,110999,10,60,3.70,0,0,1,0,0,0,4,"C"
1153188,0,79,10024,110999,10,90,4.84,20,0,1,0,0,1,4,"C"
841927,9,7,10025,65001,10,60,3.73,20,0,0,1,0,1,3,"C"
1151400,0,4,10025,65001,10,60,3.17,20,0,1,0,0,0,3,"C"
249105,441,1,10027,38550,10,60,3.13,0,0,1,0,0,0,1,"C"
1150848,0,32,10031,31526,10,90,3.75,0,0,1,0,1,0,1,"C"
1154011,0,1,10031,31526,10,60,3.17,20,0,0,0,0,0,1,"C"
1150458,0,3,10036,62393,10,60,3.05,0,0,1,0,0,0,7,"C"
124792,627,1,10038,55937,10,60,0.00,5,0,0,1,0,0,4,"C"
1152590,3,2,10471,56910,56,90,1.81,0,0,0,1,1,1,1,"C"
825632,21,17,10530,105377,79,90,3.77,0,0,0,0,0,0,1,"C"
397514,317,1,11102,48399,57,60,3.17,0,0,0,0,0,0,1,"C"
151315,593,2,11105,54570,57,60,2.89,0,0,0,1,1,1,2,"C"
1151139,0,109,11207,34729,10,60,3.49,0,0,0,1,0,1,3,"C"
81778,686,1,11211,37632,10,60,3.69,0,0,0,0,0,0,3,"C"
813963,36,3,11211,37632,10,60,3.73,0,0,1,0,0,1,3,"C"
1152778,0,0,11211,37632,10,60,3.65,20,0,0,1,0,0,3,"B"
809774,42,1,11213,35085,10,60,3.37,20,0,0,0,0,1,1,"C"
1150174,0,4,11223,39421,10,120,3.09,0,0,0,0,0,0,1,"C"
1151772,0,21,11231,73075,10,60,3.73,0,0,1,0,0,0,2,"C"
824302,21,1,11238,61469,10,60,2.41,0,0,0,0,0,0,2,"C"
1153451,0,43,11365,61097,57,60,3.13,20,0,0,0,0,1,1,"C"
834717,11,1,11552,93065,36,60,2.02,20,0,0,1,0,0,1,"C"
1152229,0,89,11930,72175,36,60,3.01,0,0,0,0,0,1,1,"C"
606505,105,21,19130,57296,22,60,3.77,0,0,0,1,0,0,2,"C"
1149191,0,99,19146,36727,22,60,2.18,0,0,0,1,1,0,2,"C"
1150420,0,1,19147,47534,22,60,2.50,0,0,1,0,0,0,1,"C"
1149422,1,22,19406,80178,22,60,2.02,20,0,0,1,0,0,3,"C"
497147,218,4,20001,60288,14,90,4.88,0,0,0,1,1,0,7,"C"
613811,97,1,20001,60288,14,60,4.92,30,0,1,0,0,0,7,"C"
823280,27,0,20001,60288,14,60,3.79,0,0,0,1,0,1,7,"C"
1153827,0,1,20001,60288,14,90,2.37,0,0,1,0,0,0,7,"C"
1154257,0,51,20001,60288,14,60,3.73,0,0,0,0,1,1,7,"C"
738693,58,2,20003,68051,14,60,4.92,20,0,1,0,0,1,6,"C"
1153951,0,36,20003,68051,14,60,3.45,20,0,0,0,0,1,6,"C"
1148987,3,5,20004,118357,14,90,4.36,0,0,1,0,0,0,4,"A"
843582,0,73,20008,93842,14,60,4.92,20,0,1,0,0,0,4,"C"
1147225,2,98,20009,73397,14,60,3.43,0,0,0,1,0,0,8,"C"
1153635,0,1,20009,73397,14,60,3.13,20,0,0,1,0,0,8,"C"
1153718,1,12,20009,73397,14,60,3.77,20,0,0,0,0,1,8,"C"
1153935,0,66,20009,73397,14,60,3.73,0,0,1,0,0,1,8,"C"
841390,6,98,20010,58574,14,60,2.77,25,0,1,0,0,1,1,"C"
807337,43,6,20011,53221,14,60,4.92,0,0,0,0,0,1,5,"C"
829974,18,3,20011,53221,14,60,4.88,20,0,1,0,0,0,5,"C"
43569,799,8,20012,82011,14,60,3.69,0,0,1,0,0,0,1,"C"
1153240,0,2,20015,142090,14,90,3.13,0,0,0,0,0,0,1,"C"
840782,3,72,20016,138566,14,90,4.92,0,0,0,0,0,0,8,"C"
1153683,0,14,20016,138566,14,60,3.09,0,0,0,0,0,0,8,"C"
1150197,0,7,20024,57014,14,60,4.96,0,99,1,0,0,0,1,"C"
1153676,1,1,20024,57014,14,60,3.13,20,0,0,0,0,1,1,"C"
1151259,3,8,20036,82170,14,60,3.71,20,0,1,0,1,1,1,"C"
128993,622,9,20037,60051,14,60,4.92,0,0,1,0,0,1,4,"C"
501899,216,5,20037,60051,14,60,3.09,30,0,0,1,0,0,4,"C"
743659,52,2,20170,103613,14,90,3.09,0,0,0,0,0,0,2,"C"
597316,118,1,20772,103189,14,90,4.88,0,0,0,0,0,0,2,"C"
822373,28,4,20817,166977,14,90,3.37,0,0,1,0,1,1,5,"C"
1150810,0,23,20851,79815,14,60,3.41,0,0,0,1,0,0,1,"C"
840315,3,96,20852,95287,14,90,4.01,20,0,0,1,1,0,2,"C"
1153886,0,44,20910,79329,14,60,3.52,0,0,1,0,1,1,2,"C"
617571,96,2,21042,132698,41,90,3.21,20,0,0,0,0,0,1,"C"
1153972,0,20,21044,97778,41,60,2.02,20,0,0,1,0,0,2,"C"
1153666,0,16,21117,82242,41,60,3.17,0,0,0,0,0,0,4,"C"
737353,54,27,21202,15615,41,90,3.73,0,0,0,0,0,0,2,"C"
1154244,0,2,21202,15615,41,120,3.17,0,0,0,0,0,0,2,"C"
360998,359,3,21208,73349,41,90,2.67,0,0,0,1,0,1,3,"C"
1150363,0,1,21208,73349,41,90,2.46,0,0,0,0,0,0,3,"C"
1153460,0,3,21209,75583,41,60,2.02,20,0,1,0,0,0,1,"C"
838060,9,5,21224,50285,41,90,3.09,5,0,1,0,0,0,1,"B"
1150220,0,1,22102,142672,14,60,3.13,0,0,0,1,0,0,3,"B"
595364,123,26,22150,82667,14,60,3.43,0,0,1,0,0,1,1,"C"
841793,0,198,22150,82667,14,60,3.73,0,0,0,1,0,0,1,"C"
713617,77,2,22201,102635,14,60,3.69,0,0,0,0,0,0,8,"C"
1151721,0,2,22202,101770,14,90,2.46,20,0,0,1,0,0,3,"C"
1150318,1,28,22304,77347,14,60,3.93,0,0,0,1,0,0,2,"C"
837227,6,202,22314,107684,14,90,3.41,5,0,0,0,0,1,3,"C"
1152129,0,11,22314,107684,14,60,3.69,20,0,0,1,0,0,3,"C"
1154308,0,0,22314,107684,14,60,2.62,0,0,0,0,0,0,3,"C"
1152132,0,1,28202,56632,39,90,1.86,0,0,0,0,0,0,5,"C"
1153677,0,1,28202,56632,39,60,2.50,0,0,0,0,0,0,5,"C"
1154226,0,6,28202,56632,39,90,3.13,20,0,1,0,0,0,5,"C"
1152471,0,1,28209,64240,39,60,2.02,0,0,1,0,0,0,1,"C"
1150787,0,1,28211,73652,39,60,2.58,0,0,0,1,0,0,2,"C"
1153210,0,2,28277,97891,39,60,3.17,20,0,0,0,0,0,1,"C"
1153211,0,5,28277,97891,39,60,3.17,20,0,0,0,0,0,1,"C"
532290,186,1,30075,103387,21,60,3.17,0,0,0,0,1,1,1,"C"
822406,27,2,30075,103387,21,60,3.77,0,0,0,0,1,0,1,"C"
1154251,0,1,30080,58983,21,90,1.90,0,0,0,0,0,0,5,"C"
20563,936,1,30305,82654,21,60,3.73,0,0,0,1,0,1,9,"C"
362912,353,1,30305,82654,21,60,3.73,0,0,1,0,0,0,9,"C"
802619,48,-2,30305,82654,21,60,3.17,25,0,0,0,1,1,9,"C"
810732,39,1,30305,82654,21,90,3.73,20,0,0,1,0,0,9,"B"
823342,26,20,30305,82654,21,120,3.17,0,0,0,0,0,1,9,"C"
835570,9,48,30305,82654,21,60,3.77,25,0,1,0,0,0,9,"C"
842609,0,92,30305,82654,21,60,3.09,0,0,0,0,0,0,9,"C"
1149032,1,94,30305,82654,21,90,3.73,0,0,0,0,0,1,9,"C"
1152776,0,49,30305,82654,21,60,2.54,0,0,0,0,1,1,9,"C"
501039,219,1,30306,83987,21,60,3.17,0,0,1,0,0,1,3,"C"
1152679,0,68,30306,83987,21,90,3.73,0,0,0,0,0,1,3,"C"
1147820,2,25,30307,82543,21,90,3.11,0,0,1,0,1,0,1,"C"
1150576,0,2,30307,82543,21,60,3.73,20,0,1,0,0,0,1,"C"
840090,0,164,30309,68825,21,90,3.77,0,0,0,0,0,0,6,"C"
132358,619,9,30316,43450,21,60,3.17,0,0,0,0,0,1,2,"C"
1151120,0,5,30318,44861,21,90,4.28,20,0,0,0,0,0,4,"C"
450623,262,13,30324,59794,21,90,3.73,0,0,0,0,0,0,6,"B"
1148630,4,2,30327,141205,21,90,3.17,0,0,1,0,0,0,4,"C"
835693,10,2,30329,45861,21,60,3.19,0,0,1,0,1,0,1,"C"
834738,0,331,30337,29723,21,60,3.56,20,0,0,0,0,0,3,"C"
1151169,0,9,30337,29723,21,120,3.21,0,0,1,0,0,0,3,"C"
840607,7,1,30339,65986,21,60,3.17,5,0,0,1,0,0,3,"C"
1151288,0,99,30342,79736,21,60,3.15,0,0,1,0,0,1,2,"C"
1149878,0,8,32216,49681,67,120,3.19,0,0,0,0,0,0,1,"B"
533042,182,1,32246,56683,67,90,2.28,0,0,1,0,0,0,1,"C"
1150202,0,26,32250,59844,67,90,2.54,0,0,0,0,0,0,1,"B"
1150773,0,45,32250,59844,67,60,3.21,0,0,1,0,0,0,1,"C"
1151219,0,5,32250,59844,67,120,3.77,0,0,1,0,0,0,1,"B"
511341,208,10,32819,80419,34,120,2.81,0,0,0,0,0,1,1,"C"
1151756,0,1,32819,80419,34,90,3.13,0,0,0,1,0,0,1,"C"
837261,8,2,32821,47245,34,60,4.32,25,0,0,0,0,0,2,"C"
451090,261,1,32822,42768,34,60,2.54,0,0,0,1,0,0,2,"C"
441143,275,1,33126,35901,4,60,3.81,0,0,0,1,0,0,1,"C"
1151534,0,1,33129,64143,4,120,2.79,0,0,1,0,1,0,3,"C"
80116,693,16,33131,70421,4,60,5.00,0,0,0,0,0,1,35,"C"
1153509,0,18,33132,50556,4,90,2.54,0,0,0,0,0,0,15,"C"
1151202,0,1,33134,64887,4,60,3.77,20,0,0,0,0,0,5,"C"
402342,313,12,33136,21347,4,60,3.81,60,0,0,0,0,0,1,"C"
801939,47,1,33137,40441,4,90,3.69,0,0,0,1,0,0,25,"C"
1150697,0,22,33137,40441,4,60,3.17,0,0,1,0,0,0,25,"C"
1151116,0,1,33137,40441,4,60,2.50,0,0,0,0,0,0,25,"C"
107556,657,1,33139,48799,4,60,3.17,0,0,1,0,0,0,58,"C"
409945,303,1,33139,48799,4,60,3.17,0,0,1,0,0,0,58,"C"
567177,148,1,33139,48799,4,60,3.09,0,0,1,0,0,0,58,"C"
801160,46,2,33139,48799,4,90,4.92,0,0,0,1,0,0,58,"C"
802295,46,3,33139,48799,4,90,3.73,0,0,1,0,0,0,58,"C"
837099,10,1,33139,48799,4,60,4.92,0,0,0,1,0,0,58,"C"
841301,6,7,33139,48799,4,90,4.88,5,0,1,0,0,0,58,"C"
1154285,0,23,33139,48799,4,60,5.00,20,0,0,0,0,1,58,"C"
211953,491,1,33140,86562,4,60,3.05,0,0,0,0,0,0,33,"B"
834196,14,1,33140,86562,4,60,2.02,0,0,0,1,0,0,33,"C"
411297,303,1,33141,40148,4,60,1.86,0,0,0,0,0,0,18,"C"
721616,67,84,33141,40148,4,60,2.85,20,0,0,0,0,0,18,"C"
381373,335,1,33146,75696,4,60,1.86,20,0,1,0,0,0,7,"C"
824770,27,1,33154,65690,4,60,3.13,0,0,0,1,0,1,6,"C"
818464,28,11,33160,55814,4,90,4.96,0,0,1,0,0,0,23,"B"
577487,136,36,33166,53922,4,60,3.43,20,0,0,0,1,0,1,"C"
1150851,0,1,33180,69592,4,90,3.21,20,0,0,1,0,0,13,"C"
1152317,0,26,33180,69592,4,60,3.11,20,0,0,0,0,0,13,"C"
172188,549,60,33304,54014,4,60,2.58,30,0,0,0,0,0,2,"C"
1151554,0,1,33304,54014,4,60,3.01,0,0,1,0,1,0,2,"C"
1150617,3,43,33327,118985,4,60,3.70,0,0,1,0,1,1,2,"C"
1150160,4,12,33328,78546,4,60,4.96,20,0,0,1,0,0,1,"C"
824994,21,4,33401,39186,4,90,3.96,0,0,0,1,0,0,1,"C"
534071,180,2,33428,67407,4,60,3.81,30,0,0,1,0,0,2,"C"
359541,355,21,33432,61740,4,120,4.08,0,0,0,0,1,0,5,"C"
1150272,0,5,33483,63886,4,60,2.28,20,0,1,0,0,0,1,"C"
833365,16,0,33602,63003,74,60,3.81,35,0,0,0,0,0,1,"C"
395311,324,1,34786,89067,34,90,2.02,0,0,0,1,0,0,3,"C"
471549,241,7,34787,69790,34,120,2.50,0,0,0,1,0,0,1,"C"
53808,764,1,37203,27644,52,120,3.05,0,0,0,1,0,0,6,"C"
580369,136,8,37203,27644,52,90,3.17,30,0,0,1,0,0,6,"C"
1154181,2,5,37203,27644,52,90,1.94,0,0,0,0,0,1,6,"C"
1153417,0,19,37205,83121,52,90,3.77,0,0,0,0,0,0,1,"C"
126087,627,6,37214,47949,52,90,3.05,0,0,1,0,0,1,4,"C"
609329,102,3,37220,107330,52,90,4.96,0,0,1,0,0,0,1,"C"
818098,29,20,40223,65417,49,60,2.02,68,0,0,1,0,0,1,"C"
831405,19,2,43017,102281,55,60,3.13,0,0,1,0,0,1,1,"C"
18569,949,9,43219,32372,55,60,4.36,0,0,1,0,0,0,1,"C"
217430,479,5,44022,95740,48,90,3.13,0,0,1,0,0,0,1,"C"
1149864,2,4,45208,79451,42,60,3.17,0,0,1,0,0,0,1,"C"
813005,36,2,45242,84479,42,60,2.54,0,0,1,0,0,0,1,"C"
212939,492,3,46204,41595,27,60,2.56,0,0,1,0,1,1,2,"C"
1152626,0,1,55402,45550,24,90,3.21,0,0,1,0,0,0,1,"C"
227253,460,10,55403,38713,24,120,1.94,0,0,0,1,0,0,3,"C"
1150286,0,34,60068,87787,18,60,3.13,0,0,0,1,0,0,1,"C"
303772,401,1,60202,68635,18,60,3.77,0,0,0,1,0,0,2,"C"
1154209,0,3,60607,75222,18,90,4.32,0,0,0,0,0,0,5,"B"
139878,608,1,60611,85578,18,90,3.67,0,0,0,1,1,1,22,"C"
150957,593,1,60611,85578,18,60,2.02,20,0,0,0,0,1,22,"C"
261415,429,1,60611,85578,18,90,1.21,0,0,0,1,0,0,22,"C"
1152930,0,90,60611,85578,18,60,3.69,20,0,1,0,1,1,22,"C"
1151155,0,10,60613,68426,18,60,4.96,20,0,1,0,0,0,4,"C"
384052,336,1,60614,89741,18,60,3.09,30,0,0,0,0,1,12,"C"
577351,141,5,60614,89741,18,60,3.09,20,0,0,1,0,1,12,"C"
1153662,0,4,60614,89741,18,60,3.07,0,0,0,1,0,0,12,"C"
842014,5,3,60615,37864,18,60,3.77,25,0,1,0,0,0,5,"C"
742190,52,1,60616,47562,18,60,4.36,0,0,1,0,0,0,2,"C"
1152520,0,3,60616,47562,18,60,4.96,0,0,1,0,0,0,2,"C"
1153254,0,6,60618,58006,18,60,3.69,10,0,1,0,0,0,8,"C"
837156,13,1,60622,62491,18,120,3.69,36,0,0,0,0,1,12,"B"
801385,48,12,60625,52037,18,60,3.73,20,0,0,0,0,0,3,"C"
819885,28,88,60625,52037,18,60,4.96,20,0,0,0,0,1,3,"C"
1150362,0,5,60626,40808,18,90,4.96,0,0,1,0,0,0,2,"C"
1152604,0,2,60643,58105,18,120,1.86,0,0,1,0,0,0,1,"C"
712432,75,2,60647,50831,18,90,4.96,0,0,1,0,0,0,13,"C"
1151524,0,0,60647,50831,18,90,3.17,0,0,0,0,0,0,13,"C"
1151776,0,1,60653,28122,18,60,1.78,0,0,0,1,0,0,1,"C"
814654,31,1,60654,93396,18,60,4.96,0,0,0,1,0,0,13,"C"
1150359,0,1,60654,93396,18,120,4.32,0,0,0,0,1,0,13,"C"
1151703,0,1,60654,93396,18,60,4.96,0,0,0,1,0,0,13,"C"
1152094,2,1,60654,93396,18,60,3.05,0,0,0,1,0,0,13,"C"
1153920,0,1,60654,93396,18,60,3.05,0,0,0,1,0,0,13,"C"
721018,69,1,60660,42405,18,90,3.69,0,0,0,0,0,0,5,"B"
801485,45,140,60660,42405,18,60,4.05,20,0,1,0,1,1,5,"C"
819818,32,2,60661,83417,18,60,0.00,0,0,1,0,0,1,2,"C"
1154321,0,2,60661,83417,18,60,4.96,0,0,0,0,0,1,2,"C"
841170,7,1,73013,72051,37,60,3.77,25,0,0,1,0,0,2,"C"
809948,36,1,75001,55249,17,60,3.13,20,0,0,1,0,0,6,"C"
313931,395,72,75002,93010,17,60,4.34,0,0,0,0,1,0,2,"C"
1154211,0,11,75002,93010,17,90,3.73,0,0,0,1,0,0,2,"C"
840817,0,267,75019,105249,17,60,2.18,0,99,1,0,0,1,1,"C"
828326,20,1,75024,98466,17,60,2.85,0,0,0,1,0,0,1,"C"
1153182,0,1,75024,98466,17,60,4.03,0,0,0,0,0,0,1,"C"
1147177,8,1,75034,108417,17,60,3.13,5,0,1,0,0,1,9,"C"
1151320,0,1,75034,108417,17,90,4.96,0,0,0,0,0,0,9,"C"
483402,232,1,75056,89023,17,60,3.05,0,0,1,0,0,1,3,"C"
827186,23,7,75056,89023,17,60,4.01,0,0,0,1,0,0,3,"C"
323239,389,1,75098,78832,17,90,2.02,0,0,0,0,0,0,1,"C"
545650,175,1,75201,70982,17,90,3.21,0,0,1,0,0,1,17,"C"
559737,158,9,75201,70982,17,60,4.96,0,0,0,0,0,0,17,"C"
841679,7,2,75201,70982,17,60,4.88,5,0,1,0,0,0,17,"C"
1149098,0,164,75201,70982,17,60,4.76,0,0,0,0,1,1,17,"C"
558036,157,1,75202,65298,17,60,4.92,0,0,1,0,0,0,1,"C"
1150434,0,1,75202,65298,17,60,4.96,0,0,0,0,0,0,1,"C"
1151445,0,1,75202,65298,17,60,4.32,0,0,0,0,0,0,1,"C"
1152232,0,5,75202,65298,17,90,4.96,0,0,0,0,0,0,1,"C"
837046,10,31,75204,55205,17,60,3.09,0,0,1,0,0,0,12,"C"
1151829,0,0,75204,55205,17,60,4.96,0,0,0,1,0,0,12,"C"
1148593,1,1,75207,30000,17,90,4.96,0,0,0,0,0,0,5,"C"
1151870,0,0,75207,30000,17,60,4.96,0,0,0,1,0,0,5,"B"
740181,51,24,75214,72923,17,90,4.96,0,0,0,1,0,0,11,"C"
1150896,4,7,75214,72923,17,60,4.96,0,0,1,0,0,1,11,"C"
1154242,0,24,75214,72923,17,90,4.96,20,0,0,0,0,1,11,"B"
22180,917,1,75219,59479,17,60,3.13,50,0,1,0,0,0,21,"C"
1153364,0,25,75219,59479,17,60,3.69,0,0,0,0,1,0,21,"C"
1148912,0,23,75229,80511,17,90,4.05,0,0,1,0,1,0,2,"C"
35026,840,9,75235,36882,17,60,4.96,20,0,0,0,0,1,3,"C"
1153665,0,1,75240,45959,17,60,3.15,0,0,1,0,0,0,2,"C"
40480,808,1,75287,60735,17,60,3.13,0,0,0,1,0,0,2,"C"
835435,13,1,75287,60735,17,60,3.09,30,0,0,1,0,0,2,"C"
231147,453,118,76034,142143,17,60,4.05,0,0,1,0,1,0,3,"C"
715355,77,5,76034,142143,17,120,4.96,0,0,0,1,0,1,3,"C"
380456,339,1,76051,83585,17,60,4.88,0,0,0,1,0,1,5,"C"
810319,40,7,76110,36729,17,90,3.09,0,0,0,0,0,1,1,"C"
1152727,0,2,76116,44287,17,60,3.13,20,0,0,1,0,0,2,"C"
825810,21,1,76226,118041,17,90,3.09,0,0,0,1,0,0,5,"C"
620589,94,67,77007,76883,25,60,4.32,0,0,0,0,1,1,4,"C"
803947,43,1,77007,76883,25,60,4.92,0,0,1,0,0,0,4,"C"
835511,16,2,77010,56705,25,60,3.13,20,0,0,1,0,1,6,"C"
1153742,0,1,77018,54445,25,60,4.92,20,0,0,1,0,0,1,"C"
85549,683,1,77024,132759,25,120,4.24,30,0,1,0,0,0,13,"C"
494272,224,2,77027,93660,25,90,4.60,0,0,0,0,0,1,4,"C"
840541,7,2,77027,93660,25,60,4.96,5,0,0,1,0,0,4,"C"
1152264,0,2,77044,69037,25,60,3.17,0,0,0,0,0,0,1,"C"
1151705,0,1,77055,53550,25,60,3.09,0,0,0,1,0,0,2,"C"
448704,267,1,77056,95008,25,60,4.32,0,0,0,1,0,0,6,"B"
834564,17,2,77379,100527,25,60,2.46,0,0,0,0,0,1,1,"C"
278428,424,1,77381,104629,25,60,3.21,0,0,0,1,0,1,1,"C"
836735,15,1,77389,86907,25,60,4.24,20,0,1,0,0,1,1,"C"
277717,424,1,77401,153649,25,90,4.96,0,0,0,1,0,1,4,"C"
1149862,0,9,77449,61155,25,90,3.77,0,0,0,0,0,0,1,"C"
545515,170,3,77586,83480,25,90,4.28,0,0,0,1,0,0,1,"C"
842141,0,141,78209,70758,45,60,3.21,25,0,1,0,1,0,3,"C"
829856,15,2,78245,52173,45,60,2.41,0,0,0,0,0,0,6,"B"
613843,101,1,78613,77679,12,60,3.77,0,0,0,1,0,0,3,"C"
840651,7,1,78660,72566,12,60,3.39,25,0,0,1,1,0,1,"C"
595999,119,37,78665,82625,12,60,3.13,20,0,0,0,0,0,1,"C"
731563,58,1,78681,91674,12,60,1.90,20,0,0,1,0,0,1,"C"
189984,516,1,78701,65353,12,60,3.17,0,0,0,0,0,0,32,"C"
704676,82,1,78701,65353,12,60,3.17,20,0,0,0,0,0,32,"C"
1152021,0,9,78701,65353,12,120,5.00,0,0,0,0,0,0,32,"C"
1153815,0,2,78701,65353,12,90,3.09,20,0,0,1,0,0,32,"C"
601717,111,2,78703,80708,12,60,3.73,0,0,1,0,1,0,19,"C"
840884,0,211,78703,80708,12,60,3.11,20,0,0,0,1,0,19,"C"
615370,98,2,78731,66320,12,60,2.97,0,0,0,1,0,0,7,"C"
1150696,0,1,78731,66320,12,60,1.90,0,0,0,1,0,0,7,"C"
1152712,0,1,78731,66320,12,90,3.17,0,0,1,0,0,0,7,"C"
805409,47,1,78734,82471,12,60,3.17,0,0,0,0,1,1,3,"C"
460897,253,2,78738,115761,12,60,2.71,0,0,1,0,0,0,8,"C"
743202,50,2,78744,40834,12,120,5.00,20,0,1,0,0,0,3,"C"
1151702,0,0,78745,40987,12,90,4.28,0,0,0,1,0,0,4,"C"
1151726,0,1,78745,40987,12,60,3.17,20,0,0,1,0,0,4,"C"
614662,103,2,78746,144895,12,90,1.90,20,0,0,1,0,1,11,"C"
1150753,0,22,78758,42886,12,60,4.07,20,0,1,0,0,0,5,"C"
1151479,0,20,80202,55448,28,90,1.94,0,0,0,0,0,0,2,"C"
1152976,0,1,80202,55448,28,90,3.13,0,0,0,1,1,0,2,"C"
826511,22,1,80203,37803,28,60,3.13,0,0,0,0,0,0,4,"C"
504941,216,1,80204,32811,28,60,2.02,0,0,1,0,0,1,2,"C"
1153438,0,1,80209,82848,28,60,1.74,0,0,0,0,0,0,1,"C"
1153712,1,10,80209,82848,28,60,1.94,0,0,0,0,0,1,1,"C"
1152709,0,3,80210,62912,28,60,3.17,0,0,0,1,0,0,1,"C"
1153491,0,19,80211,44350,28,60,3.17,0,0,0,0,0,0,2,"C"
488694,223,1,80246,45520,28,60,3.13,30,0,1,0,0,0,1,"C"
1150862,0,19,84060,66421,38,90,2.54,0,0,1,0,0,0,6,"B"
1151156,0,9,84060,66421,38,90,4.96,20,0,1,0,0,0,6,"C"
835373,0,266,84092,102512,38,60,3.17,0,0,0,0,1,0,2,"C"
840075,9,1,84101,31311,38,60,4.96,5,0,0,1,0,0,3,"C"
1149581,1,6,85004,28008,3,60,2.87,20,0,1,0,1,0,2,"C"
738489,57,16,85018,61619,3,90,2.54,0,0,0,0,0,1,7,"C"
1154001,0,1,85018,61619,3,90,3.77,20,0,1,0,0,0,7,"C"
428544,290,2,85020,53300,3,90,2.58,129,0,0,0,0,0,2,"C"
316799,394,1,85226,74939,3,90,3.21,0,0,1,0,0,0,2,"C"
1154287,0,4,85253,124687,3,120,3.77,0,0,0,0,0,0,7,"C"
837164,12,1,85254,87185,3,90,3.77,0,0,1,0,0,0,5,"C"
1153037,0,1,85254,87185,3,60,3.09,0,0,0,1,0,0,5,"C"
1153764,0,2,85254,87185,3,60,3.17,0,0,0,1,0,0,5,"C"
1151781,0,46,85282,52018,3,60,3.77,20,0,1,0,0,0,4,"C"
726534,63,1,85286,90420,3,90,2.02,0,0,0,0,0,0,1,"C"
1153495,1,1,85295,90611,3,120,3.73,0,0,0,1,0,0,2,"C"
1150134,0,11,85374,50962,3,60,3.77,0,0,1,0,0,0,1,"C"
1150322,0,4,85374,50962,3,60,3.73,0,0,0,0,0,0,1,"C"
54165,764,4,89101,29139,31,60,4.36,70,0,0,1,0,0,1,"C"
842790,3,3,89101,29139,31,90,4.07,0,0,1,0,1,0,1,"C"
147086,592,9,89109,37456,31,120,4.07,60,0,0,0,1,0,19,"C"
424001,293,1,89109,37456,31,90,3.77,40,0,1,0,0,0,19,"C"
543310,175,1,89109,37456,31,60,4.96,30,0,0,1,0,0,19,"C"
588314,127,1,89109,37456,31,90,4.96,0,0,0,0,0,0,19,"C"
609534,104,1,89109,37456,31,60,3.17,20,0,0,0,0,0,19,"C"
701126,88,1,89109,37456,31,60,3.05,0,0,0,0,1,0,19,"C"
731949,60,1,89109,37456,31,90,4.96,0,0,0,0,0,0,19,"C"
735631,55,3,89109,37456,31,60,2.46,0,0,0,1,0,0,19,"C"
1150273,0,1,89109,37456,31,90,3.15,0,0,0,0,1,0,19,"C"
1151937,0,1,89109,37456,31,90,4.96,0,0,0,1,0,0,19,"C"
1152879,0,0,89109,37456,31,90,4.17,20,0,1,0,0,0,19,"C"
1153829,0,1,89109,37456,31,60,4.05,0,0,0,1,1,0,19,"C"
469926,240,29,89113,74528,31,60,3.77,99,0,0,1,0,0,2,"C"
722640,68,5,89113,74528,31,60,3.17,0,0,0,0,1,0,2,"C"
469947,242,28,89117,62122,31,60,4.96,30,0,0,1,0,0,5,"C"
609353,107,1,89117,62122,31,90,2.02,0,0,0,0,0,1,5,"C"
455555,252,168,89118,51243,31,60,4.96,99,0,0,0,0,0,7,"C"
1150323,0,1,89123,67682,31,120,2.91,0,0,0,0,0,0,11,"A"
545251,175,9,89134,77659,31,90,3.17,0,0,0,1,0,1,1,"C"
709925,83,1,89148,69580,31,90,3.09,0,0,1,0,0,1,4,"C"
1147106,8,12,89169,35305,31,60,1.80,5,0,0,0,0,1,3,"C"
1154323,0,3,89169,35305,31,120,4.03,20,0,0,0,0,0,3,"C"
515640,202,18,89178,94455,31,90,3.09,0,0,0,0,0,0,3,"B"
1152980,0,1,90004,40358,2,60,4.05,0,0,0,1,1,0,11,"C"
1151898,0,1,90006,29939,2,60,4.88,0,0,0,1,0,0,1,"C"
137419,607,64,90007,21195,2,60,4.88,30,0,0,0,0,0,4,"C"
826997,20,1,90007,21195,2,60,3.73,0,0,0,0,0,0,4,"C"
842168,7,1,90008,40973,2,60,4.88,5,104,1,0,0,0,1,"C"
619398,95,1,90012,39775,2,60,4.62,0,0,1,0,1,0,6,"C"
1153014,0,1,90012,39775,2,120,2.85,0,0,0,1,1,0,6,"C"
839657,0,231,90018,33137,2,60,4.32,0,99,0,0,0,0,1,"C"
1149498,1,108,90018,33137,2,90,2.58,0,130,0,0,0,1,1,"C"
836000,12,7,90024,52965,2,90,4.96,0,0,0,1,0,0,32,"C"
1152703,0,1,90024,52965,2,90,3.69,0,0,1,0,0,0,32,"C"
1153733,0,1,90024,52965,2,60,3.73,20,0,0,1,0,0,32,"C"
1153919,0,2,90024,52965,2,90,3.69,0,0,1,0,0,0,32,"B"
556688,158,4,90025,68806,2,60,4.92,99,0,1,0,0,0,21,"C"
581511,131,5,90025,68806,2,60,4.92,99,0,1,0,0,0,21,"C"
620032,96,4,90025,68806,2,90,3.73,159,0,0,0,0,1,21,"C"
742049,50,136,90025,68806,2,60,4.88,0,0,0,0,0,1,21,"C"
1149107,0,6,90025,68806,2,60,3.13,0,0,1,0,0,0,21,"C"
1149249,0,20,90025,68806,2,60,4.36,20,0,0,0,0,0,21,"C"
1152854,0,1,90025,68806,2,60,4.92,0,0,1,0,1,0,21,"C"
620990,87,173,90026,43918,2,60,4.93,20,0,1,0,0,0,21,"C"
719546,73,1,90026,43918,2,60,3.73,0,0,0,1,0,0,21,"B"
1153060,0,1,90026,43918,2,60,3.41,0,0,0,1,1,0,21,"C"
622945,88,1,90027,54878,2,60,3.05,0,0,0,1,0,0,16,"C"
1153844,0,1,90027,54878,2,90,2.46,0,0,0,1,0,0,16,"C"
1152932,0,1,90028,31718,2,90,3.73,0,0,0,1,0,0,28,"C"
1150424,0,143,90031,34035,2,90,4.88,20,0,0,0,0,1,1,"C"
1153587,0,2,90031,34035,2,60,4.92,0,0,1,0,0,0,1,"C"
841534,6,22,90035,67964,2,60,4.96,5,0,1,0,0,0,15,"C"
430401,290,1,90036,77165,2,90,3.73,0,0,1,0,0,1,40,"C"
740819,50,2,90036,77165,2,60,4.88,0,0,0,0,0,0,40,"C"
834452,14,5,90036,77165,2,60,3.69,10,0,1,0,0,0,40,"C"
839222,7,29,90036,77165,2,60,4.88,5,0,0,1,0,0,40,"C"
608891,102,7,90038,36690,2,60,4.32,0,0,0,1,0,0,12,"C"
1148575,1,1,90038,36690,2,60,4.92,99,0,1,0,0,0,12,"C"
1150946,2,59,90038,36690,2,60,4.92,99,0,0,0,0,1,12,"C"
715008,73,9,90039,62134,2,90,4.88,0,0,0,0,0,0,6,"C"
813063,33,1,90039,62134,2,60,4.96,0,0,1,0,0,0,6,"C"
1152948,0,1,90039,62134,2,60,4.96,0,0,0,1,0,0,6,"C"
595693,118,6,90045,93889,2,90,3.81,0,0,0,1,0,0,17,"B"
105307,665,1,90046,66063,2,60,3.69,0,0,0,0,1,1,93,"C"
1151715,0,120,90046,66063,2,60,4.88,0,99,1,0,0,1,93,"C"
1152034,0,12,90046,66063,2,60,4.34,20,0,0,1,0,0,93,"C"
1153024,0,1,90046,66063,2,90,3.13,20,0,0,1,0,0,93,"C"
376231,341,3,90048,71132,2,90,4.34,30,0,0,1,1,0,38,"C"
1153524,0,76,90048,71132,2,90,4.96,0,159,1,0,0,1,38,"C"
352870,369,2,90049,131636,2,60,3.69,30,0,0,1,0,1,51,"C"
492912,224,1,90049,131636,2,60,4.28,0,0,0,1,0,1,51,"C"
509982,208,3,90049,131636,2,60,4.96,30,0,1,0,0,0,51,"C"
738021,52,1,90049,131636,2,90,2.46,0,0,1,0,0,0,51,"B"
1150384,0,2,90049,131636,2,60,4.28,0,0,0,0,0,0,51,"C"
1152247,0,1,90049,131636,2,60,3.77,0,0,0,0,0,0,51,"C"
220963,476,1,90066,64732,2,90,3.17,0,0,0,1,0,1,17,"C"
833072,18,1,90066,64732,2,90,4.92,20,0,0,1,0,1,17,"C"
580798,132,4,90068,81204,2,60,3.77,20,0,1,0,0,0,29,"C"
585099,131,1,90068,81204,2,60,3.47,0,0,0,1,1,0,29,"C"
825743,25,1,90068,81204,2,60,4.28,0,0,1,0,0,1,29,"B"
828069,22,5,90068,81204,2,60,4.32,0,0,0,0,1,1,29,"C"
829691,21,4,90068,81204,2,60,4.92,20,0,1,0,0,1,29,"C"
841392,4,21,90068,81204,2,60,4.50,0,0,0,0,0,0,29,"C"
1152242,0,8,90068,81204,2,60,4.36,0,0,1,0,0,0,29,"C"
1154029,0,1,90068,81204,2,90,3.67,0,0,1,0,1,0,29,"C"
702558,84,1,90069,78840,2,90,3.73,0,0,0,0,0,0,71,"B"
831728,18,1,90069,78840,2,120,4.92,0,0,1,0,0,0,71,"C"
282982,418,21,90071,18994,2,60,4.73,0,0,0,0,1,1,3,"C"
438096,276,2,90077,205546,2,60,4.88,0,0,0,1,0,0,16,"C"
1151515,0,2,90077,205546,2,90,3.73,0,0,1,0,0,0,16,"C"
162161,565,2,90210,143667,2,60,4.92,20,0,1,0,0,0,77,"C"
545001,172,7,90210,143667,2,120,3.77,0,0,0,1,0,0,77,"C"
1150980,0,10,90210,143667,2,90,4.40,20,0,0,0,0,0,77,"C"
1152426,0,4,90210,143667,2,120,4.36,0,0,1,0,0,0,77,"C"
1153652,0,1,90210,143667,2,90,3.73,0,0,1,0,0,0,77,"C"
1153929,0,1,90211,79233,2,120,3.05,0,0,0,1,0,0,11,"C"
840301,6,1,90212,74058,2,60,4.36,5,0,1,0,0,0,17,"C"
1150952,2,6,90212,74058,2,60,4.88,0,0,0,0,0,0,17,"C"
1153754,0,5,90230,74348,2,90,4.96,0,0,0,1,0,0,3,"C"
1149475,0,90,90254,96896,2,60,4.28,0,0,0,0,0,0,8,"C"
1152702,0,3,90265,126936,2,90,4.96,0,0,1,0,0,0,23,"C"
1153659,0,2,90265,126936,2,60,4.14,0,0,1,0,0,0,23,"C"
1154299,0,1,90265,126936,2,60,3.43,0,0,0,0,1,0,23,"C"
405850,313,47,90272,150466,2,60,4.92,0,0,0,1,1,1,29,"C"
841172,5,5,90272,150466,2,60,4.34,5,0,0,0,0,0,29,"C"
828417,17,2,90277,88300,2,60,3.13,0,0,0,1,0,0,5,"B"
1153670,0,19,90277,88300,2,60,4.96,0,0,0,0,0,0,5,"C"
1154311,0,1,90277,88300,2,60,4.17,0,0,0,0,1,0,5,"C"
99491,667,1,90291,71035,2,60,4.28,50,0,1,0,0,0,39,"C"
391167,324,1,90292,97805,2,60,3.73,60,0,0,0,0,0,23,"C"
586562,126,1,90292,97805,2,60,3.81,0,0,0,0,0,0,23,"C"
434491,282,1,90302,42858,2,60,3.69,109,0,0,1,0,0,2,"C"
125695,623,1,90401,45854,2,60,3.81,50,0,0,0,0,0,14,"C"
806224,44,1,90402,144047,2,60,5.00,0,0,1,0,0,0,9,"C"
1152799,0,1,90402,144047,2,90,4.92,0,0,1,0,0,0,9,"C"
1147022,0,171,90403,74213,2,90,4.90,20,0,1,0,1,0,19,"C"
1152330,0,4,90403,74213,2,60,4.96,0,0,0,0,0,0,19,"C"
127396,620,14,90405,74562,2,60,3.73,20,0,0,0,0,0,20,"C"
277931,424,1,90504,70185,2,60,3.17,0,0,1,0,0,1,1,"C"
715839,77,2,90804,41340,2,90,4.64,20,0,0,0,0,1,3,"C"
831208,17,47,90807,66649,2,90,3.81,0,0,0,0,0,1,1,"C"
712480,76,24,90808,89412,2,60,3.81,20,0,0,1,0,0,4,"C"
1152962,0,25,91016,68447,32,60,3.91,0,0,0,1,1,0,1,"C"
1150436,5,1,91203,44033,2,90,4.28,5,0,0,0,0,1,2,"C"
743626,51,1,91207,99052,2,60,3.73,0,0,1,0,0,0,3,"C"
1148207,7,15,91208,93865,2,120,4.94,5,0,1,0,0,1,3,"C"
814368,31,2,91301,109417,2,60,3.69,0,0,0,1,0,0,3,"C"
1151587,0,4,91302,135603,2,90,2.81,0,0,1,0,0,0,13,"C"
1152534,0,5,91302,135603,2,90,4.01,20,0,1,0,0,0,13,"C"
1150522,0,5,91304,66044,2,90,3.52,0,0,0,1,0,0,1,"C"
11940,999,1,91307,90523,2,90,3.09,0,0,0,0,0,1,3,"C"
1150487,0,4,91307,90523,2,90,4.92,20,0,1,0,0,0,3,"C"
733769,61,1,91350,100976,2,90,1.98,0,0,1,0,0,0,1,"C"
579401,140,1,91356,85626,2,60,3.35,0,99,0,0,0,1,10,"C"
1149351,0,27,91360,91191,2,60,4.88,20,0,1,0,0,0,1,"C"
164711,565,2,91361,98627,2,60,3.73,0,0,0,0,0,0,3,"C"
434210,283,1,91381,108993,2,60,3.13,0,0,0,1,0,0,1,"C"
452528,261,2,91381,108993,2,60,4.96,0,0,0,0,0,0,1,"C"
1150780,0,1,91401,49559,2,60,4.96,0,0,1,0,0,0,4,"C"
1150861,0,96,91401,49559,2,60,4.92,0,0,0,1,0,0,4,"C"
336877,384,1,91403,84293,2,90,3.96,0,0,1,0,1,0,14,"C"
739432,57,1,91423,75759,2,60,4.92,0,0,0,0,0,1,17,"C"
1150614,1,7,91423,75759,2,60,4.96,0,0,1,0,0,0,17,"C"
1150689,0,3,91423,75759,2,60,4.62,0,0,0,1,1,0,17,"C"
1150882,0,24,91436,129616,2,60,4.07,0,0,0,1,1,0,13,"C"
602508,116,1,91504,72543,2,60,4.28,0,0,1,0,0,1,4,"C"
840367,8,1,91601,47987,2,60,3.09,25,0,0,1,0,0,10,"C"
819732,27,1,91602,67329,2,60,4.92,0,0,1,0,0,0,10,"C"
820660,28,3,91602,67329,2,90,4.96,0,0,0,0,0,0,10,"C"
468867,244,1,91604,92632,2,60,4.96,0,0,0,1,0,0,24,"C"
734111,60,1,91605,46087,2,60,3.43,0,0,0,1,1,0,4,"C"
603730,112,1,91607,58121,2,60,4.32,0,0,0,1,0,0,10,"C"
1152564,0,22,91607,58121,2,60,4.92,20,0,0,0,0,0,10,"C"
333181,386,1,91764,51469,32,60,4.92,0,0,0,1,0,0,2,"C"
819675,26,1,91784,102444,32,60,2.62,20,0,1,0,0,0,1,"C"
1153891,0,46,91941,72073,13,60,3.43,0,0,1,0,1,1,2,"C"
715866,76,27,92009,102823,13,60,2.44,0,0,0,0,0,1,4,"C"
478240,235,6,92020,54535,13,60,3.13,20,0,0,0,0,1,1,"C"
1149805,0,46,92021,53787,13,60,3.05,0,0,1,0,0,0,1,"C"
1151398,0,6,92024,86889,13,90,4.36,0,0,1,0,0,0,8,"C"
391012,324,1,92037,94528,13,60,3.21,0,0,0,1,0,0,6,"C"
622206,88,45,92101,39102,13,120,3.13,0,0,1,0,0,0,13,"C"
837985,13,1,92101,39102,13,90,3.15,0,0,0,0,1,1,13,"C"
1148092,2,1,92101,39102,13,90,3.05,0,0,0,0,0,0,13,"C"
1151837,0,1,92101,39102,13,60,3.21,0,0,0,1,0,0,13,"C"
1152366,0,9,92101,39102,13,60,3.05,20,0,0,1,0,0,13,"C"
822692,26,1,92103,60670,13,60,2.50,20,0,1,0,0,0,4,"C"
1151936,0,1,92108,63885,13,60,3.21,20,0,0,1,0,0,4,"C"
1153713,1,2,92108,63885,13,60,3.13,0,0,0,1,0,0,4,"C"
1148102,3,22,92109,65767,13,60,2.85,0,0,0,1,0,0,5,"C"
1151810,0,2,92109,65767,13,60,2.02,0,0,0,1,0,0,5,"C"
843025,3,1,92110,56963,13,60,2.50,0,0,1,0,0,0,1,"C"
1152594,3,9,92116,50993,13,60,3.09,0,0,0,1,0,1,1,"C"
193752,513,5,92122,71427,13,90,4.32,0,0,0,0,0,1,4,"C"
1150278,0,9,92122,71427,13,60,3.17,0,0,1,0,0,0,4,"C"
1150334,0,7,92124,75569,13,60,3.73,0,0,1,0,0,0,1,"C"
513195,203,7,92127,108504,13,60,3.45,0,0,0,1,1,0,6,"C"
434046,284,1,92130,127760,13,90,4.32,0,0,0,0,0,1,5,"C"
1152407,0,8,92210,107023,68,90,2.54,0,0,1,0,0,0,2,"C"
103337,662,3,92211,67946,68,60,2.54,0,0,1,0,1,0,3,"C"
840226,0,169,92260,54344,68,60,2.86,0,0,1,0,1,0,3,"AA"
1153710,0,20,92262,43890,68,60,2.83,0,0,0,0,1,0,5,"B"
590108,122,3,92374,65390,32,60,4.92,0,0,0,1,0,0,1,"C"
1153943,0,1,92602,110802,5,60,3.67,0,0,0,1,0,0,3,"C"
1153981,0,1,92602,110802,5,90,4.40,0,0,1,0,0,0,3,"C"
34967,835,2,92606,95841,5,60,2.83,50,0,0,1,0,0,1,"C"
114164,653,1,92618,95198,5,60,4.28,0,0,0,0,0,1,11,"C"
1151926,0,90,92618,95198,5,60,4.36,0,0,1,0,1,1,11,"C"
479893,231,2,92627,60895,5,60,3.65,0,0,1,0,0,0,7,"C"
69911,710,13,92629,83558,5,90,3.67,30,0,0,0,1,0,5,"C"
1151443,0,16,92630,84716,5,60,4.03,0,0,0,0,0,0,4,"B"
827917,21,1,92646,86972,5,60,3.65,0,0,1,0,0,0,4,"C"
339954,378,68,92648,89797,5,60,3.13,20,0,0,0,0,0,2,"C"
1149666,4,1,92648,89797,5,120,3.07,0,0,0,1,1,0,2,"C"
810373,39,4,92651,101084,5,90,3.69,0,0,0,1,0,0,16,"C"
843344,0,71,92651,101084,5,60,3.77,0,0,0,0,1,0,16,"C"
739299,55,17,92656,98569,5,90,3.75,0,0,0,0,0,1,4,"C"
584473,128,48,92657,177199,5,60,4.36,0,0,1,0,1,0,13,"C"
840521,7,1,92657,177199,5,60,2.50,25,0,0,1,0,0,13,"C"
842398,4,3,92660,104753,5,60,3.17,0,0,0,1,0,0,17,"C"
1154255,0,1,92660,104753,5,60,4.96,20,0,0,0,0,0,17,"C"
1152853,0,1,92663,103817,5,60,2.02,0,0,0,1,0,0,10,"C"
833796,18,2,92692,106242,5,60,5.00,0,109,0,0,0,1,4,"C"
821360,29,20,92868,60389,5,90,3.69,20,0,1,0,0,1,3,"C"
1149251,1,1,92868,60389,5,60,3.69,0,193,0,1,1,0,3,"C"
1151660,0,1,92868,60389,5,60,3.13,0,0,1,0,0,0,3,"B"
1151577,0,3,92886,103891,5,90,3.73,0,0,1,0,0,0,2,"C"
735468,60,3,93021,99132,2,60,4.96,0,0,0,1,0,1,1,"C"
1152323,0,3,93021,99132,2,60,4.36,20,0,0,0,0,0,1,"C"
836548,14,31,94010,120060,9,90,3.69,0,0,1,0,0,1,10,"C"
1153658,1,16,94015,79787,1,120,4.24,0,0,0,0,0,1,1,"B"
816800,30,1,94025,110862,9,60,3.09,20,0,0,1,0,0,13,"C"
827928,18,11,94025,110862,9,60,3.69,0,0,0,1,0,0,13,"C"
365287,353,1,94030,80196,1,90,3.77,0,0,0,0,0,1,3,"C"
1151729,1,1,94040,98249,9,60,3.09,0,0,1,0,0,0,2,"C"
384139,329,109,94070,118842,9,60,2.54,40,0,0,1,1,0,4,"C"
1149182,1,6,94070,118842,9,60,3.69,0,0,0,1,0,0,4,"C"
1151161,0,130,94085,78407,9,90,3.92,20,0,1,0,1,1,1,"C"
1147307,6,20,94087,105592,9,60,2.99,25,0,0,0,0,1,1,"C"
110696,656,1,94102,29613,1,90,3.69,0,0,1,0,0,0,11,"C"
597457,121,4,94102,29613,1,60,3.69,0,0,1,0,0,1,11,"C"
701031,92,1,94102,29613,1,90,4.88,0,0,0,0,0,1,11,"C"
1151692,0,22,94102,29613,1,90,3.73,20,0,1,0,0,0,11,"C"
54746,764,1,94103,53548,1,90,3.69,50,0,1,0,0,1,20,"C"
122347,633,1,94103,53548,1,60,3.77,20,0,0,1,0,1,20,"C"
298860,405,78,94103,53548,1,60,3.75,0,0,0,0,0,1,20,"C"
619591,96,1,94103,53548,1,60,4.36,20,0,0,0,0,1,20,"C"
1150501,0,1,94103,53548,1,90,3.69,0,0,0,0,0,0,20,"C"
1150593,0,29,94105,112333,1,60,3.69,20,0,0,1,0,0,18,"C"
1152943,0,1,94105,112333,1,90,3.73,0,0,0,1,0,0,18,"C"
410585,302,2,94107,99924,1,90,2.56,0,0,0,1,0,0,15,"C"
838921,7,1,94107,99924,1,60,3.73,5,0,0,0,0,0,15,"C"
839491,11,1,94107,99924,1,60,4.92,0,0,0,1,0,0,15,"C"
839568,7,2,94107,99924,1,60,3.73,25,0,0,1,0,0,15,"C"
814518,28,194,94108,37052,1,60,3.73,0,0,0,1,1,1,4,"C"
1150765,0,4,94108,37052,1,60,4.32,20,0,1,0,0,0,4,"B"
1151493,0,1,94108,37052,1,60,4.32,0,0,0,0,0,0,4,"C"
1153797,0,3,94108,37052,1,60,4.36,0,0,0,1,0,0,4,"C"
229799,461,24,94109,59205,1,60,3.71,0,109,1,0,1,1,14,"C"
501635,212,3,94109,59205,1,90,3.45,0,0,0,1,1,0,14,"C"
723569,65,97,94109,59205,1,60,3.69,0,0,0,1,0,0,14,"C"
842240,4,133,94109,59205,1,60,3.73,0,0,0,0,0,1,14,"C"
1152963,3,8,94109,59205,1,60,3.73,20,0,1,0,0,1,14,"C"
1153424,0,5,94109,59205,1,60,3.39,0,0,1,0,1,0,14,"C"
835182,10,24,94110,75106,1,60,4.30,20,0,1,0,1,0,22,"C"
1153864,0,14,94112,72442,1,60,3.73,0,0,0,0,0,0,4,"C"
1150471,0,72,94114,103206,1,60,3.77,0,0,0,0,0,0,15,"C"
382437,336,14,94115,76493,1,60,3.69,0,0,0,0,0,1,11,"C"
727682,62,4,94115,76493,1,90,3.62,40,0,0,1,0,0,11,"C"
837662,0,251,94115,76493,1,60,3.73,20,0,0,0,0,0,11,"C"
1150621,0,5,94115,76493,1,90,3.81,0,0,0,1,0,0,11,"C"
1152430,2,1,94115,76493,1,60,3.43,0,0,0,0,1,0,11,"C"
1153796,0,21,94115,76493,1,60,4.36,0,0,0,0,0,0,11,"C"
283887,419,1,94117,84802,1,60,3.13,0,0,0,0,0,1,16,"C"
513642,204,1,94117,84802,1,60,3.21,90,0,1,0,0,0,16,"C"
837515,10,1,94117,84802,1,60,3.09,0,0,0,1,0,0,16,"C"
840594,9,1,94117,84802,1,60,3.73,0,0,0,1,0,0,16,"C"
1153867,0,1,94117,84802,1,60,3.09,0,0,0,1,0,0,16,"C"
1149402,0,18,94118,75724,1,60,4.32,109,0,0,0,0,0,3,"C"
1149903,0,38,94122,77483,1,60,3.73,0,0,0,0,0,0,5,"C"
702307,91,2,94123,104750,1,60,3.21,0,0,0,1,0,1,16,"C"
1153809,0,1,94131,97834,1,60,3.77,0,0,1,0,0,0,6,"C"
1153878,0,40,94131,97834,1,60,3.77,0,119,0,0,0,1,6,"C"
518523,197,67,94133,45203,1,90,3.69,0,0,1,0,0,0,8,"C"
1152450,0,30,94133,45203,1,60,3.73,0,0,1,0,0,0,8,"C"
1149073,3,1,94134,58244,1,90,3.13,20,0,0,1,0,0,2,"C"
1149291,5,28,94158,104684,1,90,3.61,5,0,0,0,0,1,10,"C"
217366,483,6,94301,147936,9,60,2.79,0,0,0,0,1,1,4,"B"
736267,55,46,94306,117366,9,60,4.92,20,0,0,1,0,0,5,"C"
1150403,0,1,94306,117366,9,60,3.09,20,0,0,1,0,0,5,"C"
1153636,0,42,94549,131151,53,60,3.73,0,0,1,0,1,1,3,"C"
288454,407,169,94558,71873,51,60,2.98,0,0,1,0,1,0,2,"C"
530132,186,20,94558,71873,51,120,2.02,30,0,1,0,0,0,2,"C"
258557,435,10,94578,55521,53,60,4.92,0,0,0,0,0,1,1,"C"
1153643,0,1,94601,36649,53,60,4.92,0,0,1,0,0,0,3,"C"
707970,83,1,94607,36748,53,60,4.36,0,0,1,0,0,0,2,"C"
1153533,0,0,94610,87901,53,60,4.92,20,0,0,0,0,0,3,"C"
716610,72,17,94611,115659,53,90,3.73,0,145,0,0,0,0,6,"C"
1152599,0,95,94612,29109,53,60,4.07,20,0,0,0,0,1,1,"C"
830332,15,18,94702,56414,53,60,4.36,20,0,0,1,0,0,3,"C"
735132,56,1,94704,32315,53,90,2.37,20,0,1,0,0,0,2,"B"
1150961,0,1,94704,32315,53,60,4.36,0,109,0,1,0,0,2,"C"
1150690,5,2,94705,100476,53,90,3.13,5,0,1,0,0,1,5,"C"
343467,376,0,94706,75985,53,60,3.73,20,0,0,1,0,0,1,"C"
816553,30,52,94920,105815,51,60,3.05,0,0,0,1,0,0,3,"C"
1151376,0,4,94920,105815,51,60,3.11,20,0,0,0,0,0,3,"C"
733106,59,5,94965,85328,1,60,3.43,20,0,0,1,1,0,4,"C"
1151664,0,16,95008,80720,9,60,5.00,20,0,0,0,0,0,2,"C"
244038,446,1,95014,122417,9,90,5.00,0,0,0,0,0,0,2,"C"
106037,661,1,95054,113537,9,60,5.00,30,0,1,0,0,0,4,"C"
1150930,0,133,95125,90830,9,90,2.46,20,0,0,0,0,1,3,"C"
1150968,0,133,95125,90830,9,90,4.24,20,0,0,0,0,1,3,"C"
510120,207,45,95136,86094,9,60,2.93,0,0,1,0,0,0,1,"C"
839348,0,327,95476,55282,51,90,2.02,0,0,0,0,0,1,2,"C"
839750,0,318,95476,55282,51,90,2.84,20,0,0,0,1,1,2,"C"
616278,97,2,96815,50282,35,90,2.54,0,0,0,1,0,0,1,"B"
1149770,0,44,97068,86043,29,120,3.77,0,0,1,0,0,0,1,"C"
1148639,7,2,97201,51690,29,90,3.17,5,0,0,1,0,1,4,"C"
1150335,0,3,97201,51690,29,60,2.41,0,0,0,0,0,0,4,"C"
842638,0,145,97223,66010,29,90,3.73,0,0,0,0,0,0,1,"C"
618908,89,82,97225,68803,29,90,3.47,0,0,0,0,1,0,2,"C"
1153752,0,3,97225,68803,29,60,2.54,0,0,1,0,0,0,2,"B"
246404,444,2,98004,99669,15,60,4.36,30,0,0,1,0,0,10,"C"
1147427,2,4,98004,99669,15,60,4.96,0,0,0,1,0,0,10,"C"
1153965,0,23,98021,85127,15,60,3.13,0,0,1,0,0,0,1,"C"
424577,295,1,98033,96609,15,120,3.73,0,0,0,0,0,1,2,"C"
1150467,0,4,98057,46919,15,60,4.66,20,0,1,0,1,0,2,"C"
1149957,0,44,98101,37606,15,60,4.66,0,0,1,0,1,0,16,"C"
1151653,0,2,98101,37606,15,90,2.33,20,0,1,0,0,0,16,"C"
813654,35,1,98103,69942,15,90,4.88,0,0,0,1,0,0,7,"C"
410849,306,0,98109,61978,15,60,3.13,20,0,0,0,0,1,12,"C"
1153370,0,1,98116,75728,15,60,3.09,0,0,0,0,0,0,5,"C"
742420,54,3,98118,51093,15,60,4.58,0,0,0,1,1,1,2,"C"
805970,41,27,98118,51093,15,60,3.13,0,84,0,0,0,0,2,"C"
720299,70,20,98119,67705,15,90,4.36,0,0,1,0,0,0,4,"C"
1150739,5,2,98119,67705,15,90,3.65,35,0,0,1,0,1,4,"B"
803288,48,14,98121,53600,15,60,4.96,40,0,0,0,0,1,14,"C"
817341,33,2,98121,53600,15,60,4.96,0,0,1,0,0,1,14,"C"
1152960,0,2,98121,53600,15,60,2.02,20,0,0,1,0,0,14,"C"
1154292,0,5,98122,57971,15,60,3.77,0,0,0,0,0,0,10,"C"
1152645,0,1,98125,47910,15,60,2.50,30,0,0,0,0,0,2,"C"
1152456,0,4,98144,58263,15,60,4.36,20,0,1,0,0,0,3,"C"
1148723,4,3,98188,44313,15,60,3.73,0,0,1,0,0,0,2,"C"
20006,940,1,85308,75335,3,60,3.05,0,0,0,1,0,1,0,"C"
27442,881,9,40205,68359,49,90,2.02,0,0,1,0,0,0,0,"C"
57197,752,1,78721,30019,12,60,3.17,50,0,0,0,0,0,0,"C"
94416,673,1,77478,87196,25,90,4.92,0,0,0,0,0,0,0,"C"
115093,648,8,33174,37893,4,60,3.05,0,0,0,0,0,0,0,"C"
133848,616,1,78666,34976,12,60,4.36,0,0,1,0,0,1,0,"C"
144216,601,4,98052,93173,15,90,3.73,0,0,1,0,0,1,0,"C"
200872,502,105,77429,95381,25,60,4.32,0,0,1,0,0,0,0,"C"
211368,496,1,94304,108738,9,60,2.02,30,0,0,0,0,1,0,"C"
215845,485,1,30068,102063,21,60,3.17,0,0,1,0,0,0,0,"C"
224553,464,7,32701,47437,34,60,2.54,25,0,0,0,0,0,0,"C"
226401,461,112,30135,67608,21,60,1.86,0,0,0,0,1,1,0,"C"
242339,449,1,95112,45535,9,60,2.93,30,0,0,1,0,0,0,"C"
263678,428,1,21231,49767,41,90,2.58,0,0,1,0,0,0,0,"C"
272204,425,25,77429,95381,25,60,4.32,0,0,0,0,0,0,0,"C"
272480,428,1,90660,57216,2,60,3.71,0,0,1,0,1,1,0,"C"
273347,422,24,33032,42910,4,60,3.08,0,0,0,1,1,0,0,"C"
288716,413,1,48009,112772,66,60,2.54,0,0,0,0,0,0,0,"C"
320526,390,22,76180,56041,17,120,3.13,0,0,1,0,0,0,0,"C"
324445,389,19,33032,42910,4,60,4.05,0,0,0,0,1,0,0,"C"
351643,365,1,77023,36382,25,60,3.13,0,0,0,1,0,0,0,"C"
353752,366,3,22041,73111,14,60,3.09,0,0,0,0,0,1,0,"C"
355975,362,8,90502,65676,2,90,4.38,0,0,0,1,1,0,0,"C"
385633,335,5,19067,99150,22,60,2.56,0,0,1,0,0,1,0,"B"
386848,331,4,43004,75938,55,90,3.17,0,0,0,0,0,0,0,"C"
428414,288,1,94708,129726,53,60,4.36,0,0,0,1,0,0,0,"B"
445756,271,22,94559,58468,51,60,2.02,0,0,1,0,1,1,0,"C"
448257,265,4,33024,50813,4,120,4.24,0,0,0,1,0,0,0,"C"
462757,250,1,55408,41268,24,60,2.02,0,0,1,0,0,0,0,"C"
463625,248,6,40209,29042,49,90,3.09,0,0,0,1,0,0,0,"B"
475803,233,1,33609,70552,74,60,2.02,0,0,0,1,0,0,0,"C"
506491,209,2,32803,55839,34,60,4.32,0,0,1,0,0,0,0,"C"
521794,193,2,21030,67353,41,60,2.46,0,0,0,1,1,0,0,"C"
532903,185,1,63146,59846,40,60,1.94,0,0,1,0,0,0,0,"C"
534916,182,2,98026,75933,15,60,3.13,20,0,0,1,0,0,0,"C"
536511,177,1,19153,42266,22,60,3.77,0,0,0,1,0,0,0,"C"
541841,173,108,19125,41365,22,60,3.17,30,0,0,0,0,1,0,"C"
545575,170,4,80205,41394,28,60,2.14,20,0,0,1,1,0,0,"C"
551198,167,1,60035,117473,18,60,1.41,0,0,0,0,0,1,0,"C"
560545,159,1,48334,74274,66,90,2.58,0,0,1,0,1,1,0,"C"
582435,132,1,11779,85987,36,60,1.82,0,0,0,1,0,0,0,"C"
589997,127,1,32204,32458,67,90,1.78,0,0,0,0,0,1,0,"C"
595829,119,1,80234,64407,28,60,2.46,0,0,1,0,0,0,0,"C"
600784,109,60,11933,79402,36,60,3.13,0,0,0,0,0,0,0,"C"
604646,109,3,44145,70631,48,90,3.13,20,0,0,1,0,0,0,"C"
610335,100,5,45236,58358,42,60,2.83,20,0,1,0,1,0,0,"C"
701812,88,3,63146,59846,40,60,1.94,0,0,0,1,0,0,0,"C"
705588,81,3,32708,72288,34,60,3.73,0,0,0,1,0,0,0,"B"
707571,79,4,85006,21620,3,60,4.36,0,0,1,0,0,0,0,"C"
717374,71,109,19004,116558,22,60,2.50,0,0,0,0,0,1,0,"C"
719169,74,8,92377,80657,32,60,4.92,0,0,1,0,0,0,0,"C"
720562,74,2,10583,177857,79,90,4.92,0,0,1,0,0,1,0,"C"
725875,66,8,55331,103635,24,90,3.17,0,0,1,0,0,0,0,"C"
727854,64,7,90710,61776,2,120,4.96,0,0,0,1,0,0,0,"C"
729416,60,20,22152,106609,14,90,3.73,0,0,0,0,0,0,0,"C"
731509,60,1,34228,107585,74,90,2.02,0,0,1,0,0,0,0,"C"
737126,56,1,80120,55714,28,90,1.54,0,0,0,1,0,0,0,"C"
737268,58,4,76182,85331,17,90,3.13,0,0,1,0,1,1,0,"C"
802937,45,37,41048,93170,42,90,3.17,0,0,0,0,0,0,0,"C"
805892,41,2,33321,44102,4,60,3.65,0,0,0,1,0,0,0,"C"
808933,38,46,76137,72688,17,60,3.41,0,0,0,0,1,0,0,"C"
809726,36,49,48085,97908,66,60,2.54,80,0,0,1,0,0,0,"C"
811992,40,3,97204,13283,29,90,4.05,0,0,0,0,1,1,0,"C"
814748,36,1,15222,42764,73,60,3.21,0,0,1,0,0,1,0,"C"
821994,26,10,91343,53646,2,90,4.92,0,159,0,1,0,0,0,"C"
822674,27,2,94710,44289,53,90,3.69,0,0,1,0,0,0,0,"C"
823715,22,137,75042,43705,17,60,4.96,0,0,0,0,0,1,0,"C"
825885,22,2,98168,47612,15,60,2.02,0,0,0,1,0,0,0,"C"
826855,20,1,92683,58965,5,60,3.65,0,0,1,0,0,0,0,"C"
827305,22,54,33701,29174,74,60,0.00,20,0,0,0,0,1,0,"C"
827552,18,1,90815,71281,2,60,4.96,0,0,0,0,0,0,0,"B"
827681,19,1,94539,139900,9,60,4.92,0,0,0,0,0,0,0,"C"
827842,18,1,37201,40794,52,90,2.83,0,0,0,1,0,0,0,"C"
828201,22,3,92672,71928,5,60,4.36,0,0,0,0,0,1,0,"C"
828800,0,401,30035,43254,21,60,3.43,20,0,0,0,0,0,0,"C"
831054,20,1,63116,38792,40,60,2.97,0,0,0,0,0,1,0,"C"
833639,17,1,78256,83986,45,90,3.57,0,0,1,0,0,1,0,"C"
834228,12,11,92123,69805,13,60,3.21,0,0,1,0,0,0,0,"C"
834370,3,238,11232,34808,10,60,3.77,50,0,0,0,0,0,0,"C"
837085,3,114,30038,51268,21,60,3.77,0,0,0,0,0,0,0,"C"
838801,12,2,38017,100096,33,90,1.90,0,0,0,0,0,1,0,"C"
838854,12,2,20905,119331,14,60,2.02,0,0,1,0,0,1,0,"C"
839117,0,303,15116,65231,73,60,3.17,0,0,0,0,1,1,0,"C"
839823,0,173,32805,27620,34,90,2.02,0,0,1,0,0,0,0,"C"
840584,5,151,19020,61503,22,60,2.62,5,0,0,0,0,1,0,"C"
840724,7,2,60060,83334,18,60,3.73,5,0,0,0,0,0,0,"B"
840733,5,35,23323,69333,43,90,2.02,40,0,1,0,0,0,0,"C"
841060,11,3,63101,41618,40,90,2.46,0,0,1,0,1,1,0,"C"
841215,9,3,53202,41513,44,60,2.54,0,0,1,0,1,0,0,"C"
841602,0,171,11226,38763,10,90,4.96,0,145,0,0,0,0,0,"C"
841986,4,3,98166,62107,15,60,3.73,0,0,1,0,0,0,0,"C"
842149,4,100,11226,38763,10,60,4.32,0,0,1,0,1,0,0,"C"
842813,0,98,38120,46009,33,60,2.89,20,0,0,1,1,0,0,"C"
843395,0,139,32832,78229,34,60,3.13,0,99,0,0,0,0,0,"C"
1147111,2,2,80227,57192,28,60,3.21,0,0,1,0,0,0,0,"C"
1147218,6,48,11004,75304,57,60,3.15,25,0,0,0,1,1,0,"C"
1147628,1,140,20151,116507,14,60,2.83,0,0,0,0,0,1,0,"C"
1147860,5,1,91950,37181,13,60,3.65,25,0,1,0,0,0,0,"C"
1147886,2,3,30002,40815,21,90,3.21,0,0,0,0,0,0,0,"B"
1148130,2,1,33701,29174,74,60,3.21,0,0,0,1,0,0,0,"C"
1148335,1,26,53066,78691,44,90,0.00,0,0,0,0,0,0,0,"C"
1148476,2,114,91792,66596,2,60,5.00,0,0,1,0,0,1,0,"C"
1148584,2,2,11565,115184,36,90,3.09,20,0,0,1,0,0,0,"C"
1148779,6,1,19120,32923,22,90,2.54,5,0,0,0,0,1,0,"C"
1148909,0,30,20190,95309,14,120,4.90,0,0,1,0,0,0,0,"C"
1148964,1,1,48237,50824,66,60,2.50,0,0,1,0,0,0,0,"C"
1149041,0,9,33150,27809,4,120,4.96,20,0,0,0,0,0,0,"B"
1149167,1,1,60044,116250,18,120,1.21,0,0,0,0,0,0,0,"C"
1149221,7,5,80207,53151,28,90,2.56,35,0,1,0,0,1,0,"C"
1149253,3,1,19127,55769,22,60,2.41,0,0,1,0,0,0,0,"C"
1149320,1,1,19079,41410,22,60,2.41,20,0,1,0,0,0,0,"C"
1149549,1,2,32803,55839,34,60,4.32,0,0,0,1,0,0,0,"C"
1149881,0,43,19122,18175,22,120,2.62,0,0,1,0,1,0,0,"C"
1149984,0,21,91204,37177,2,60,3.41,0,0,0,1,0,0,0,"C"
1149989,6,4,94559,58468,51,90,3.13,159,0,1,0,0,1,0,"C"
1150112,0,1,33313,36694,4,60,3.17,0,0,0,0,0,0,0,"C"
1150159,0,0,28213,40640,39,60,2.46,0,0,0,0,0,0,0,"C"
1150216,0,1,46143,68527,27,60,4.36,0,0,0,0,0,0,0,"C"
1150280,0,5,19335,95344,22,60,3.73,0,0,1,0,0,0,0,"C"
1150310,0,2,60035,117473,18,60,4.32,0,0,0,0,0,0,0,"C"
1150316,0,0,60176,48765,18,60,3.69,20,0,0,0,0,0,0,"C"
1150338,0,20,73170,76092,37,60,3.05,20,0,1,0,0,0,0,"C"
1150375,0,0,77532,61414,25,60,3.21,0,0,0,0,0,0,0,"C"
1150431,0,24,48067,63015,66,60,1.98,0,0,1,0,0,0,0,"C"
1150447,0,2,75212,27451,17,90,3.47,0,0,1,0,1,0,0,"C"
1150506,3,17,32222,55409,67,60,2.02,0,0,0,0,0,0,0,"C"
1150515,0,4,55412,44112,24,90,3.45,0,0,0,1,1,0,0,"C"
1150525,0,1,11225,39782,10,60,3.21,0,0,0,1,0,0,0,"C"
1150631,0,6,60134,101941,18,60,3.77,0,0,0,1,0,0,0,"C"
1150654,0,1,77060,31048,25,60,3.21,0,0,1,0,0,0,0,"C"
1150683,0,1,77047,46336,25,60,3.13,0,0,0,1,0,0,0,"C"
1150759,0,85,43016,81185,55,60,3.17,20,0,0,0,0,0,0,"B"
1150777,2,1,11217,72611,10,60,4.92,0,0,1,0,0,0,0,"C"
1150779,0,0,32207,43304,67,60,3.21,0,0,0,1,0,0,0,"C"
1150934,1,2,70119,27500,46,60,2.50,0,0,1,0,0,0,0,"C"
1150947,0,1,92503,62390,32,60,3.17,0,0,0,1,0,0,0,"C"
1150972,3,5,90041,62318,2,60,3.73,0,0,1,0,0,0,0,"C"
1151213,0,28,92395,43981,32,60,3.15,0,0,0,0,1,0,0,"C"
1151382,0,7,97203,43918,29,60,3.09,0,0,1,0,0,0,0,"C"
1151452,0,26,92025,51807,13,90,3.73,20,0,0,0,0,0,0,"C"
1151494,0,1,60630,57285,18,60,3.71,0,0,1,0,1,0,0,"C"
1151501,0,18,45202,32513,42,60,3.17,0,0,0,0,0,0,0,"C"
1151605,0,1,21211,48519,41,90,2.58,0,0,1,0,0,0,0,"C"
1151637,0,1,91762,55979,32,90,3.13,0,0,1,0,0,0,0,"C"
1151649,0,6,75025,108349,17,60,3.73,0,0,0,0,0,0,0,"C"
1151668,0,11,37209,38342,52,90,2.58,20,0,0,0,0,0,0,"C"
1151784,0,1,43240,76655,55,60,2.62,0,0,0,1,0,0,0,"C"
1151789,0,1,60623,32236,18,90,2.83,0,0,0,1,1,0,0,"C"
1151854,0,12,11742,84777,36,60,3.77,0,0,0,0,0,0,0,"C"
1151919,0,23,92584,75966,69,60,3.73,20,0,0,1,0,0,0,"C"
1152002,0,7,46077,105579,27,60,3.13,20,0,0,0,0,0,0,"C"
1152261,0,22,60630,57285,18,60,4.96,20,0,0,0,0,0,0,"C"
1152391,0,79,77573,86178,25,90,3.13,20,0,1,0,0,1,0,"C"
1152445,0,49,21056,101467,41,60,3.01,0,0,1,0,1,0,0,"C"
1152479,1,4,34698,47118,74,60,2.62,0,0,1,0,0,0,0,"C"
1152519,0,1,77061,33011,25,120,2.85,0,0,1,0,1,0,0,"C"
1152537,4,1,32080,52825,67,60,3.21,35,0,1,0,0,1,0,"C"
1152544,0,1,91205,36842,2,60,4.96,0,0,0,0,0,0,0,"B"
1152570,0,3,15102,64385,73,60,3.21,20,0,1,0,0,0,0,"C"
1152575,0,6,34746,51425,34,90,1.90,0,0,0,1,0,0,0,"B"
1152640,0,2,73128,58004,37,60,2.58,0,0,1,0,0,0,0,"C"
1152934,0,1,28216,44037,39,90,2.58,0,0,0,1,0,0,0,"C"
1152941,0,13,44140,81552,48,90,2.50,0,0,0,0,0,0,0,"C"
1152996,2,1,90305,60301,2,60,4.28,0,0,0,1,0,0,0,"C"
1153205,0,14,63044,51940,40,60,3.17,20,0,1,0,1,0,0,"C"
1153237,0,2,48224,35655,66,60,2.54,0,0,0,0,0,0,0,"C"
1153241,0,2,55443,71049,24,60,3.69,0,0,0,0,0,0,0,"C"
1153253,0,6,43206,40200,55,60,4.36,0,0,1,0,0,0,0,"C"
1153273,0,1,48084,89480,66,90,2.58,0,0,0,0,0,0,0,"B"
1153332,0,7,48093,49959,66,60,2.54,0,0,0,1,0,0,0,"C"
1153383,1,1,33611,57154,74,60,3.73,0,0,0,0,0,1,0,"C"
1153410,0,1,33018,55132,4,60,3.73,0,0,0,0,0,0,0,"C"
1153434,0,1,77081,28484,25,90,4.03,0,0,0,0,1,0,0,"C"
1153563,0,16,32817,46429,34,60,2.58,20,0,0,0,0,0,0,"C"
1153571,2,5,94904,106345,51,90,3.69,0,0,1,0,0,1,0,"C"
1153612,0,4,33764,50947,74,60,3.21,0,0,0,1,0,0,0,"C"
1153629,0,1,11563,87861,57,90,3.21,0,0,0,1,0,0,0,"C"
1153700,0,1,33062,53573,4,60,4.36,20,0,0,1,0,0,0,"C"
1153731,0,0,28273,51769,39,60,3.17,0,0,0,1,0,0,0,"C"
1153790,0,26,94804,48935,53,60,4.34,0,0,0,1,0,0,0,"C"
1153804,0,3,85201,40225,3,60,3.21,0,0,0,1,0,0,0,"C"
1153837,0,1,92234,48784,68,60,3.73,0,0,1,0,0,0,0,"C"
1153848,0,1,85201,40225,3,120,2.12,0,0,0,1,0,0,0,"C"
1153907,0,2,73105,35761,37,60,3.77,0,0,0,1,0,0,0,"B"
1153928,1,40,94952,72230,51,60,3.21,0,0,0,0,1,1,0,"C"
1153933,0,59,10029,32877,10,60,4.84,20,0,0,0,0,1,0,"C"
1154161,0,1,20105,136228,14,90,2.54,20,0,0,0,0,0,0,"C"
1154229,0,4,20105,136228,14,60,2.54,20,0,0,0,0,0,0,"C"
1154231,0,1,98117,76908,15,60,4.36,0,0,0,0,0,0,0,"C"
1154239,0,2,80128,83669,28,90,3.21,0,0,0,0,0,0,0,"C"
1154281,0,1,48152,74356,66,60,2.54,0,0,0,0,0,0,0,"C"
1156471,0,5,10009,56615,10,90,3.13,0,0,0,0,0,1,3,"C"
1154459,0,5,10011,92359,10,90,3.73,0,0,0,1,0,0,16,"C"
1157488,0,1,10011,92359,10,90,3.03,0,0,0,1,1,1,16,"C"
1154605,0,18,10019,84786,10,60,3.45,0,0,0,0,0,1,15,"C"
1155186,0,35,10023,108286,10,60,4.84,0,0,0,1,0,1,13,"C"
1154488,0,1,10028,105456,10,90,3.77,0,0,1,0,0,0,7,"C"
1155435,0,1,10036,62393,10,90,3.73,0,0,0,0,0,1,7,"C"
1157350,0,1,10038,55937,10,60,3.05,20,0,1,0,0,1,4,"C"
1155264,0,7,10128,105187,10,90,4.26,0,0,0,1,1,1,7,"C"
1155179,0,1,11201,92175,10,60,3.73,0,0,0,0,0,1,9,"C"
1154469,0,40,11211,37632,10,60,4.92,1,144,0,0,0,1,3,"C"
1155604,0,1,11238,61469,10,90,3.73,0,0,1,0,0,1,2,"C"
1155454,0,25,19072,115620,22,90,2.64,0,0,0,0,1,1,1,"C"
1155806,0,1,20001,60288,14,60,4.32,20,0,0,1,0,1,7,"C"
1155973,0,2,20001,60288,14,60,3.69,0,0,0,1,0,1,7,"C"
1156983,0,1,20001,60288,14,60,4.96,20,0,0,0,0,1,7,"C"
1157302,0,2,20001,60288,14,90,2.37,0,0,0,1,0,1,7,"C"
1156902,0,1,20002,61221,14,60,3.39,0,0,0,0,1,1,13,"C"
1156914,0,1,20817,166977,14,90,3.17,0,0,0,0,0,1,5,"C"
1155721,0,19,20854,185451,14,60,3.13,20,0,0,0,0,1,2,"C"
1155756,0,3,21090,76494,41,120,3.09,0,0,0,1,0,1,1,"C"
1154665,0,1,22180,118640,14,60,2.62,0,0,1,0,0,1,2,"C"
1156135,0,4,30307,82543,21,90,3.45,0,0,1,0,0,1,1,"C"
1155571,0,1,30308,51700,21,90,3.73,0,0,1,0,0,1,4,"C"
1157595,0,1,30309,68825,21,90,3.17,0,0,0,1,0,1,6,"C"
1154736,0,1,30312,46321,21,120,3.33,0,0,0,1,1,0,2,"B"
1155794,0,2,30316,43450,21,60,3.73,0,0,0,1,0,1,2,"C"
1154475,0,1,30326,102044,21,60,3.75,0,0,1,0,1,0,6,"C"
1156753,0,1,30331,48169,21,90,3.17,0,0,0,0,0,1,3,"C"
1157613,0,1,33019,71241,4,90,3.13,0,0,0,1,0,1,9,"C"
1155303,0,1,33025,53552,4,90,3.05,0,0,0,0,0,1,7,"C"
1156659,0,1,33064,43648,4,60,4.36,0,0,0,0,1,1,3,"C"
1154655,0,16,33130,27499,4,90,4.73,0,0,0,0,1,1,12,"B"
1155655,0,1,33131,70421,4,60,2.02,20,0,1,0,0,1,35,"C"
1156596,0,1,33139,48799,4,90,4.32,0,0,1,0,0,1,58,"C"
1157041,0,1,33139,48799,4,60,2.54,0,0,0,1,0,1,58,"C"
1157090,0,1,33139,48799,4,60,3.69,0,0,1,0,0,1,58,"C"
1156959,0,1,33156,104687,4,60,4.24,20,0,0,0,0,1,8,"C"
1157218,0,1,33175,59884,4,60,4.88,0,0,1,0,0,1,3,"C"
1155216,0,1,33304,54014,4,90,4.36,0,0,0,0,0,1,2,"C"
1155287,0,1,33327,118985,4,60,4.24,20,0,0,0,0,1,2,"C"
1157373,0,1,33483,63886,4,60,2.80,0,0,1,0,1,1,1,"C"
1155752,0,1,37069,119377,52,60,4.96,0,0,1,0,0,1,1,"C"
1155404,0,0,37203,27644,52,60,4.01,0,0,0,0,1,1,6,"C"
1155504,0,21,37206,35197,52,60,4.01,0,0,0,0,1,1,1,"C"
1156468,0,11,43235,71006,55,60,4.36,0,0,1,0,0,1,1,"C"
1155644,0,13,46240,58821,27,90,2.56,0,0,0,0,1,1,1,"C"
1154611,0,1,55416,74462,24,90,2.58,0,0,1,0,0,0,1,"C"
1154793,0,47,60045,137059,18,60,3.75,0,0,0,1,0,1,2,"C"
1155761,0,17,60439,89759,18,60,2.51,0,0,0,0,1,1,1,"C"
1154499,1,1,60601,94715,18,120,3.73,0,0,0,0,0,1,12,"B"
1156661,0,12,60607,75222,18,120,3.54,0,0,0,1,1,1,5,"C"
1157355,0,1,60610,61110,18,60,3.71,20,0,1,0,0,1,9,"C"
1155107,1,2,60611,85578,18,90,1.41,20,0,0,0,0,1,22,"C"
1154578,0,1,60614,89741,18,60,3.77,20,0,1,0,0,0,12,"C"
1155708,0,19,60614,89741,18,60,3.73,0,0,0,0,0,1,12,"C"
1157507,0,1,60616,47562,18,60,1.94,20,0,0,1,1,1,2,"C"
1155465,0,2,60625,52037,18,60,4.92,20,0,0,0,0,1,3,"C"
1155760,0,1,60640,43975,18,90,4.92,20,0,1,0,0,1,4,"C"
1154529,0,2,60647,50831,18,90,3.73,0,0,1,0,1,0,13,"C"
1156900,0,1,60654,93396,18,60,3.17,20,0,0,0,0,1,13,"C"
1156023,0,1,70112,28621,46,120,1.74,0,0,0,1,0,1,1,"C"
1154826,0,35,75063,73463,17,60,3.13,0,0,0,1,0,1,1,"C"
1155278,0,1,75093,106348,17,120,4.88,0,0,0,0,0,1,12,"C"
1156003,0,16,75209,86304,17,90,4.96,0,0,0,0,0,1,4,"C"
1157343,0,0,75235,36882,17,60,4.03,0,0,1,0,1,1,3,"C"
1156037,0,24,75243,45192,17,120,4.75,0,0,0,1,0,1,3,"C"
1155873,0,1,77006,61555,25,60,4.32,0,0,1,0,0,1,5,"C"
1156730,0,4,77007,76883,25,60,4.92,0,0,1,0,0,1,4,"C"
1154621,0,23,77025,70505,25,60,4.32,20,0,1,0,0,1,2,"C"
1154471,0,1,77027,93660,25,120,4.92,0,0,1,0,0,0,4,"C"
1154658,1,1,77056,95008,25,90,3.43,0,0,0,1,1,1,6,"C"
1155341,0,2,77386,82300,25,60,3.17,0,0,0,0,0,1,3,"C"
1154869,0,39,77450,101498,25,120,3.77,0,0,0,0,0,1,1,"C"
1155351,0,2,78154,77200,45,90,2.62,0,0,0,0,0,1,3,"C"
1154807,0,1,78205,25779,45,60,4.96,0,0,0,1,0,0,3,"C"
1154580,0,1,78260,102770,45,90,3.81,0,0,1,0,1,0,2,"C"
1155527,0,1,78701,65353,12,60,4.36,20,0,0,1,0,1,32,"C"
1157019,0,1,78703,80708,12,60,4.32,0,0,0,0,0,1,19,"B"
1155396,0,1,78704,47497,12,60,3.17,0,0,0,0,0,1,17,"C"
1154502,0,3,78727,67287,12,60,4.36,20,0,1,0,0,0,1,"C"
1155176,0,35,78728,51163,12,90,4.36,0,0,1,0,0,1,1,"C"
1154398,0,5,80212,52599,28,60,3.17,20,0,1,0,0,0,1,"C"
1157739,0,2,85206,49456,3,60,3.17,0,233,0,1,1,1,1,"C"
1154663,0,2,85226,74939,3,60,3.37,0,0,0,1,1,0,2,"C"
1156258,0,0,85254,87185,3,60,3.21,0,0,0,1,0,1,5,"C"
1154673,0,1,85258,75452,3,90,4.24,0,0,1,0,0,1,7,"C"
1157881,0,1,85281,36350,3,60,2.50,0,0,0,1,0,1,1,"C"
1155892,1,4,85284,117190,3,60,3.13,20,0,0,1,0,1,1,"C"
1154378,0,1,89044,81508,31,90,4.36,0,0,0,0,1,0,2,"C"
1157760,0,1,89052,80294,31,60,3.05,0,0,0,1,0,1,2,"C"
1154561,0,0,89102,38807,31,60,3.05,0,0,1,0,0,0,2,"C"
1154511,0,1,89109,37456,31,90,3.21,0,0,0,0,0,0,19,"C"
1156904,0,6,89113,74528,31,60,4.96,0,0,1,0,1,1,2,"C"
1155851,0,1,89141,75854,31,90,4.96,0,0,1,0,0,1,4,"C"
1157422,0,1,89169,35305,31,60,3.17,0,0,1,0,0,1,3,"C"
1154572,0,1,90004,40358,2,60,4.92,0,0,1,0,0,0,11,"C"
1154341,0,1,90008,40973,2,60,2.41,0,0,0,0,0,0,1,"B"
1154784,0,1,90012,39775,2,60,3.09,0,0,0,1,0,0,6,"C"
1156916,0,1,90014,13832,2,60,4.36,20,0,0,0,0,1,7,"C"
1154624,0,1,90015,24762,2,60,3.17,0,0,1,0,0,0,25,"B"
1157895,0,1,90026,43918,2,60,3.05,20,0,0,1,0,1,21,"C"
1157511,0,3,90027,54878,2,60,4.32,0,0,0,1,0,1,16,"C"
1157726,0,1,90027,54878,2,90,2.50,0,0,0,1,0,1,16,"C"
1155390,0,1,90028,31718,2,90,4.60,0,0,0,0,1,1,28,"C"
1157639,0,2,90031,34035,2,60,3.77,0,0,0,1,0,1,1,"C"
1155905,0,1,90034,59406,2,60,3.17,0,0,1,0,0,1,11,"C"
1157161,0,1,90036,77165,2,60,3.71,0,0,0,0,1,1,40,"C"
1157630,0,1,90039,62134,2,90,4.36,0,0,1,0,1,1,6,"B"
1155446,0,5,90042,53075,2,60,4.88,20,0,1,0,0,1,3,"C"
1157417,0,1,90045,93889,2,60,3.69,0,0,1,0,0,1,17,"C"
1154738,0,13,90049,131636,2,60,4.96,0,0,0,0,0,1,51,"C"
1156050,0,2,90064,86533,2,60,3.73,0,0,0,1,0,1,8,"C"
1154356,0,1,90066,64732,2,90,4.36,0,0,0,0,0,0,17,"C"
1155350,0,1,90066,64732,2,60,3.73,0,0,0,0,0,1,17,"C"
1157025,0,4,90066,64732,2,60,3.69,0,0,1,0,0,1,17,"C"
1157797,0,1,90066,64732,2,60,3.09,0,0,0,1,1,1,17,"C"
1154918,0,0,90067,104808,2,60,4.92,20,0,0,1,0,0,6,"C"
1155877,0,1,90068,81204,2,60,4.05,20,0,1,0,0,1,29,"C"
1155470,0,1,90077,205546,2,60,3.73,0,0,0,0,0,1,16,"C"
1157569,0,1,90094,75221,2,60,4.96,20,0,1,0,0,1,12,"C"
1154961,0,45,90210,143667,2,60,4.96,20,0,1,0,0,1,77,"C"
1157310,0,1,90210,143667,2,60,3.73,20,0,1,0,0,1,77,"C"
1157847,0,1,90212,74058,2,60,4.01,20,0,0,1,1,1,17,"C"
1157669,0,1,90230,74348,2,60,3.69,20,0,0,1,0,1,3,"C"
1155565,0,4,90232,67167,2,90,4.32,0,0,0,1,0,1,4,"C"
1154780,0,0,90245,89153,2,60,3.73,0,0,0,1,0,0,4,"C"
1154637,0,1,90254,96896,2,60,3.77,0,0,1,0,0,0,8,"C"
1155318,0,1,90265,126936,2,60,4.92,20,0,0,0,1,1,23,"C"
1154400,0,8,90266,137077,2,60,4.15,0,0,1,0,1,0,18,"C"
1156030,0,2,90266,137077,2,90,4.28,0,0,0,1,0,1,18,"C"
1154604,0,4,90272,150466,2,60,4.03,0,0,0,1,1,0,29,"C"
1156268,0,1,90275,114005,2,60,2.02,0,0,0,1,0,1,3,"C"
1157656,0,1,90275,114005,2,60,2.14,0,0,0,1,1,1,3,"C"
1155633,0,1,90277,88300,2,120,3.77,20,0,0,0,0,1,5,"C"
1157468,0,1,90291,71035,2,60,3.13,0,0,1,0,1,1,39,"C"
1157380,0,5,90403,74213,2,60,4.90,0,0,0,1,1,1,19,"C"
1155840,0,1,90405,74562,2,60,3.01,0,0,1,0,1,1,20,"C"
1155569,0,27,90802,42565,2,60,4.09,0,0,1,0,1,1,5,"C"
1154874,1,2,90805,46517,2,60,3.97,0,0,1,0,1,1,1,"C"
1154636,0,2,91006,94085,2,60,3.50,0,0,1,0,1,0,3,"C"
1155492,0,1,91321,61581,2,60,2.41,20,0,1,0,0,1,1,"C"
1157646,0,2,91423,75759,2,60,3.41,0,0,0,1,1,1,17,"C"
1155758,0,1,91607,58121,2,90,3.13,0,0,0,0,0,1,10,"C"
1157392,0,1,92007,86585,13,60,3.17,20,0,1,0,0,1,2,"C"
1155725,0,26,92021,53787,13,90,3.13,0,0,1,0,0,1,1,"C"
1155789,0,1,92024,86889,13,90,3.13,0,0,1,0,0,1,8,"C"
1154438,0,1,92037,94528,13,60,2.02,0,0,0,0,0,0,6,"C"
1154715,0,1,92067,132647,13,60,3.43,0,0,0,1,0,0,3,"C"
1156417,0,8,92101,39102,13,90,2.50,0,0,0,0,0,1,13,"C"
1156936,0,1,92101,39102,13,90,3.09,20,0,0,0,0,1,13,"C"
1156240,0,13,92104,48283,13,90,3.73,0,0,0,0,0,1,1,"C"
1154732,0,1,92110,56963,13,60,3.09,0,0,1,0,0,0,1,"C"
1154648,0,2,92117,63807,13,120,2.58,0,0,0,1,0,0,2,"C"
1157467,0,1,92118,97802,13,60,2.50,0,0,1,0,0,1,1,"C"
1157618,0,1,92211,67946,68,60,1.90,20,0,0,1,0,1,3,"C"
1155602,0,1,92630,84716,5,60,3.73,0,0,0,0,0,1,4,"C"
1157679,0,1,92651,101084,5,90,3.39,0,0,0,1,1,1,16,"C"
1154649,1,1,92660,104753,5,90,3.13,0,0,0,0,0,1,17,"C"
1156214,0,1,92707,57620,5,60,4.96,20,0,0,1,0,1,5,"C"
1156756,0,4,92708,80444,5,60,4.96,20,0,0,0,0,1,2,"C"
1155871,0,2,92883,101039,5,60,3.75,0,213,1,0,1,1,1,"C"
1155694,0,3,92887,129396,5,60,3.05,20,0,1,0,0,1,3,"C"
1156178,0,1,94010,120060,9,60,3.69,20,0,0,1,0,1,10,"C"
1156685,0,6,94022,166448,9,60,4.32,20,0,1,0,0,1,6,"C"
1155277,1,1,94103,53548,1,60,2.54,10,0,1,0,0,1,20,"C"
1155646,0,1,94103,53548,1,60,1.98,20,0,0,0,0,1,20,"C"
1155949,0,1,94103,53548,1,90,3.13,0,0,1,0,0,1,20,"C"
1157529,0,1,94103,53548,1,60,3.73,0,0,1,0,0,1,20,"C"
1155734,0,6,94105,112333,1,120,3.77,20,0,0,1,0,1,18,"C"
1154903,0,1,94109,59205,1,60,3.77,0,0,0,1,0,1,14,"C"
1155692,0,2,94109,59205,1,90,3.13,0,0,1,0,0,1,14,"C"
1157128,0,4,94109,59205,1,60,3.35,0,0,1,0,0,1,14,"C"
1156896,0,7,94114,103206,1,60,4.35,20,0,1,0,0,1,15,"B"
1154670,0,2,94123,104750,1,60,1.86,20,0,0,1,0,0,16,"B"
1157185,0,4,94123,104750,1,60,4.88,20,0,1,0,0,1,16,"C"
1154436,0,1,94404,111121,9,60,4.88,0,0,0,0,0,0,1,"C"
1155468,0,1,94568,116091,53,60,3.73,0,0,0,0,0,1,4,"C"
1157253,0,1,94587,90746,9,90,4.92,0,0,0,0,0,1,1,"C"
1155580,0,1,94605,58796,53,60,4.88,0,0,0,0,0,1,1,"C"
1154623,0,4,94920,105815,51,60,3.29,0,0,0,1,1,0,3,"C"
1154453,1,7,95014,122417,9,60,3.17,0,0,0,1,0,1,2,"C"
1155930,0,16,95126,71585,9,60,1.98,0,0,0,0,0,1,3,"C"
1154411,0,6,95816,50669,71,60,3.13,20,0,1,0,0,0,1,"C"
1157388,0,2,97219,78979,29,90,2.54,0,0,1,0,0,1,3,"C"
1154450,0,6,98020,74324,15,60,3.17,0,0,1,0,1,0,2,"C"
1154483,0,1,98033,96609,15,60,2.02,0,0,0,0,0,0,2,"C"
1155681,1,1,98033,96609,15,60,3.65,0,0,1,0,0,1,2,"C"
1157363,0,4,98102,57724,15,60,3.17,20,0,0,1,0,1,6,"C"
1157366,0,4,98102,57724,15,60,3.73,20,0,0,1,0,1,6,"C"
1155458,0,1,98103,69942,15,90,3.77,0,0,0,0,0,1,7,"C"
1154945,0,1,98105,52145,15,60,3.69,0,0,0,0,0,1,4,"C"
1156256,0,1,98115,82556,15,60,3.17,20,0,0,0,0,1,6,"C"
1155358,0,0,98121,53600,15,60,4.96,0,0,0,0,0,1,14,"C"
1154463,0,2,92078,69619,13,60,3.17,0,0,0,0,0,0,0,"C"
1154485,0,2,11436,62297,57,90,3.77,0,0,1,0,0,0,0,"C"
1154525,0,4,46143,68527,27,60,2.58,0,0,0,1,0,0,0,"C"
1154551,0,5,32804,57794,34,60,3.13,20,0,0,0,0,1,0,"C"
1154681,0,2,40209,29042,49,60,3.09,0,0,0,1,0,0,0,"C"
1154695,0,15,63031,54242,40,60,2.97,0,0,0,0,1,1,0,"C"
1154863,0,13,70119,27500,46,60,3.21,20,0,0,0,0,1,0,"C"
1155180,0,1,20902,71631,14,60,4.24,0,0,0,0,0,1,0,"C"
1155363,0,1,53222,52348,44,90,2.54,0,0,0,0,0,1,0,"C"
1155423,0,6,30076,70929,21,60,2.56,0,0,1,0,1,1,0,"C"
1155599,0,2,77406,102161,25,60,1.94,0,0,1,0,0,1,0,"C"
1155610,0,2,60621,21155,18,60,4.05,0,0,1,0,1,1,0,"C"
1155627,0,1,93013,68142,50,60,2.62,0,0,0,0,0,1,0,"C"
1155729,0,1,40229,53147,49,60,3.09,0,0,1,0,0,1,0,"C"
1155741,0,1,33612,32030,74,60,3.73,0,0,1,0,0,1,0,"C"
1155811,0,0,75246,36957,17,60,3.33,0,0,1,0,1,1,0,"B"
1155880,0,2,76248,109831,17,90,2.83,0,0,0,1,0,1,0,"C"
1155971,0,21,92845,87295,5,60,4.34,0,0,0,0,1,1,0,"C"
1156038,0,22,55435,61372,24,60,2.54,0,0,1,0,0,1,0,"C"
1156102,0,1,90712,79475,2,60,3.65,0,0,0,1,0,1,0,"C"
1156285,0,8,95678,65175,71,60,2.02,20,0,0,0,0,1,0,"C"
1156536,0,1,32205,40722,67,60,1.82,0,0,1,0,0,1,0,"C"
1156630,0,7,33324,63302,4,60,4.28,0,0,1,0,0,1,0,"C"
1156637,0,4,53204,27482,44,60,1.94,0,0,0,0,1,1,0,"C"
1156708,0,1,11209,56907,10,60,3.13,0,0,0,0,0,1,0,"C"
1156726,0,1,90041,62318,2,60,4.94,0,0,0,0,0,1,0,"C"
1156776,0,5,44124,67656,48,90,2.02,0,0,1,0,0,1,0,"C"
1156823,0,1,77554,55016,25,60,4.24,0,0,0,0,0,1,0,"C"
1156890,0,3,53202,41513,44,90,2.54,0,0,1,0,0,1,0,"C"
1156984,0,1,77523,81952,25,90,2.50,0,0,0,0,0,1,0,"C"
1156992,0,5,94116,95090,1,60,3.61,0,0,1,0,1,1,0,"C"
1157003,0,5,94904,106345,51,90,2.58,20,0,1,0,0,1,0,"C"
1157036,0,0,11235,44730,10,60,3.13,0,0,0,0,0,1,0,"C"
1157118,0,1,37211,44817,52,60,1.94,0,0,1,0,0,1,0,"C"
1157129,0,4,21218,41265,41,90,2.24,0,0,0,1,0,1,0,"C"
1157155,0,2,55016,81162,24,60,3.21,0,0,1,0,0,1,0,"C"
1157251,0,1,33319,38898,4,90,4.36,0,0,1,0,0,1,0,"C"
1157257,0,1,11436,62297,57,60,3.73,0,0,1,0,0,1,0,"C"
1157278,0,1,85006,21620,3,90,2.02,0,0,0,0,0,1,0,"C"
1157317,0,1,92337,69396,32,90,2.54,0,0,1,0,0,1,0,"C"
1157341,0,1,90040,49596,2,90,3.05,0,0,1,0,0,1,0,"C"
1157342,0,3,77061,33011,25,120,3.41,0,0,0,1,1,1,0,"C"
1157536,0,2,80237,53774,28,60,3.09,20,0,0,1,0,1,0,"C"
1157743,0,1,90063,40215,2,60,3.77,0,0,0,1,0,1,0,"C"
1157757,0,1,75116,47178,17,60,3.69,0,0,0,1,0,1,0,"C"
